cbsa,metro_name.x,year,qtr,index_nsa,index_sa,metro_name.y,hpi_at_sa,RegionID,RegionName.x,RegionType,StateName,zhvi_yoy,zhvi_qoq,name_short,metro_name,population,pop_yoy_growth,pop_velocity_3yr,pop_accleration,RegionName.y,zhvi_qtr,median_income,income_moe,price_to_income_ratio,affordability_burden,date,metro
12420.0,"Austin-Round Rock-San Marcos, TX",2010,1,261.04,263.71,"Austin-Round Rock-San Marcos, TX",0.91,,,,,,,,"Austin-Round Rock-Georgetown, TX",1727502.0,,,,"Austin, TX",206051.71922715305,57561.0,600.0,3.5797105544926784,False,2010-01-01,Austin
12420.0,"Austin-Round Rock-San Marcos, TX",2010,2,264.33,260.62,"Austin-Round Rock-San Marcos, TX",0.9,,,,,,,,"Austin-Round Rock-Georgetown, TX",1727502.0,,,,"Austin, TX",206479.7166016129,57561.0,600.0,3.5871460989491646,False,2010-04-01,Austin
12420.0,"Austin-Round Rock-San Marcos, TX",2010,3,260.08,258.07,"Austin-Round Rock-San Marcos, TX",0.87,,,,,,,,"Austin-Round Rock-Georgetown, TX",1727502.0,,,,"Austin, TX",205428.1575004503,57561.0,600.0,3.5688774951868503,False,2010-07-01,Austin
12420.0,"Austin-Round Rock-San Marcos, TX",2010,4,253.53,255.66,"Austin-Round Rock-San Marcos, TX",0.85,,,,,,,,"Austin-Round Rock-Georgetown, TX",1727502.0,,,,"Austin, TX",202032.42908958977,57561.0,600.0,3.5098839333852743,False,2010-10-01,Austin
12420.0,"Austin-Round Rock-San Marcos, TX",2011,1,251.52,254.31,"Austin-Round Rock-San Marcos, TX",0.9,,,,,,,,"Austin-Round Rock-Georgetown, TX",1780535.0,0.0306992408691857,,,"Austin, TX",199159.90785221837,59476.0,590.0,3.348576028183105,False,2011-01-01,Austin
12420.0,"Austin-Round Rock-San Marcos, TX",2011,2,259.34,255.46,"Austin-Round Rock-San Marcos, TX",0.88,,,,,,,,"Austin-Round Rock-Georgetown, TX",1780535.0,0.0306992408691857,,,"Austin, TX",198324.69938326135,59476.0,590.0,3.334533246742575,False,2011-04-01,Austin
12420.0,"Austin-Round Rock-San Marcos, TX",2011,3,258.16,255.8,"Austin-Round Rock-San Marcos, TX",0.87,,,,,,,,"Austin-Round Rock-Georgetown, TX",1780535.0,0.0306992408691857,,,"Austin, TX",198008.78201563616,59476.0,590.0,3.329221568626609,False,2011-07-01,Austin
12420.0,"Austin-Round Rock-San Marcos, TX",2011,4,257.73,260.44,"Austin-Round Rock-San Marcos, TX",0.88,,,,,,,,"Austin-Round Rock-Georgetown, TX",1780535.0,0.0306992408691857,,,"Austin, TX",197934.729168318,59476.0,590.0,3.32797648073707,False,2011-10-01,Austin
12420.0,"Austin-Round Rock-San Marcos, TX",2012,1,260.37,263.37,"Austin-Round Rock-San Marcos, TX",0.88,,,,,,,,"Austin-Round Rock-Georgetown, TX",1834586.0,0.0303566063009151,,-0.000342634568270661,"Austin, TX",198400.5548919336,59646.0,635.0,3.326301091304255,False,2012-01-01,Austin
12420.0,"Austin-Round Rock-San Marcos, TX",2012,2,272.87,268.37,"Austin-Round Rock-San Marcos, TX",0.88,,,,,,,,"Austin-Round Rock-Georgetown, TX",1834586.0,0.0303566063009151,,-0.000342634568270661,"Austin, TX",200181.33505499773,59646.0,635.0,3.3561569100190747,False,2012-04-01,Austin
12420.0,"Austin-Round Rock-San Marcos, TX",2012,3,278.86,276.13,"Austin-Round Rock-San Marcos, TX",0.89,,,,,,,,"Austin-Round Rock-Georgetown, TX",1834586.0,0.0303566063009151,,-0.000342634568270661,"Austin, TX",203225.24262866937,59646.0,635.0,3.4071897969464735,False,2012-07-01,Austin
12420.0,"Austin-Round Rock-San Marcos, TX",2012,4,276.1,279.68,"Austin-Round Rock-San Marcos, TX",0.9,,,,,,,,"Austin-Round Rock-Georgetown, TX",1834586.0,0.0303566063009151,,-0.000342634568270661,"Austin, TX",206998.6650051828,59646.0,635.0,3.470453425295624,False,2012-10-01,Austin
12420.0,"Austin-Round Rock-San Marcos, TX",2013,1,281.51,284.49,"Austin-Round Rock-San Marcos, TX",0.93,,,,,,,,"Austin-Round Rock-Georgetown, TX",1883315.0,0.0265613059295122,0.0901955540427739,-0.0037953003714028,"Austin, TX",211483.72826085985,60830.0,480.0,3.4766353486907744,False,2013-01-01,Austin
12420.0,"Austin-Round Rock-San Marcos, TX",2013,2,301.21,296.06,"Austin-Round Rock-San Marcos, TX",0.95,,,,,,,,"Austin-Round Rock-Georgetown, TX",1883315.0,0.0265613059295122,0.0901955540427739,-0.0037953003714028,"Austin, TX",216940.32762162728,60830.0,480.0,3.5663377876315514,False,2013-04-01,Austin
12420.0,"Austin-Round Rock-San Marcos, TX",2013,3,305.33,302.16,"Austin-Round Rock-San Marcos, TX",1.01,,,,,,,,"Austin-Round Rock-Georgetown, TX",1883315.0,0.0265613059295122,0.0901955540427739,-0.0037953003714028,"Austin, TX",223320.7246208797,60830.0,480.0,3.671226773317108,False,2013-07-01,Austin
12420.0,"Austin-Round Rock-San Marcos, TX",2013,4,302.46,307.0,"Austin-Round Rock-San Marcos, TX",1.09,,,,,,,,"Austin-Round Rock-Georgetown, TX",1883315.0,0.0265613059295122,0.0901955540427739,-0.0037953003714028,"Austin, TX",228997.7331751858,60830.0,480.0,3.764552575623637,False,2013-10-01,Austin
12420.0,"Austin-Round Rock-San Marcos, TX",2014,1,316.99,320.02,"Austin-Round Rock-San Marcos, TX",1.16,,,,,,,,"Austin-Round Rock-Georgetown, TX",1942467.0,0.0314084473388678,0.0909456989051043,0.0048471414093556,"Austin, TX",234826.52994318612,61900.0,537.0,3.793643456271181,False,2014-01-01,Austin
12420.0,"Austin-Round Rock-San Marcos, TX",2014,2,330.36,324.49,"Austin-Round Rock-San Marcos, TX",1.14,,,,,,,,"Austin-Round Rock-Georgetown, TX",1942467.0,0.0314084473388678,0.0909456989051043,0.0048471414093556,"Austin, TX",241576.6583025711,61900.0,537.0,3.902692379686125,False,2014-04-01,Austin
12420.0,"Austin-Round Rock-San Marcos, TX",2014,3,336.78,333.5,"Austin-Round Rock-San Marcos, TX",1.16,,,,,,,,"Austin-Round Rock-Georgetown, TX",1942467.0,0.0314084473388678,0.0909456989051043,0.0048471414093556,"Austin, TX",248498.6233686001,61900.0,537.0,4.014517340365106,False,2014-07-01,Austin
12420.0,"Austin-Round Rock-San Marcos, TX",2014,4,334.8,340.15,"Austin-Round Rock-San Marcos, TX",1.2,,,,,,,,"Austin-Round Rock-Georgetown, TX",1942467.0,0.0314084473388678,0.0909456989051043,0.0048471414093556,"Austin, TX",254169.46587747207,61900.0,537.0,4.106130304967238,False,2014-10-01,Austin
12420.0,"Austin-Round Rock-San Marcos, TX",2015,1,346.65,349.32,"Austin-Round Rock-San Marcos, TX",1.19,,,,,,,,"Austin-Round Rock-Georgetown, TX",2002134.0,0.0307171241519162,0.0913274166487699,-0.000691323186951642,"Austin, TX",261339.95326397097,63437.0,715.0,4.119677053832478,False,2015-01-01,Austin
12420.0,"Austin-Round Rock-San Marcos, TX",2015,2,366.03,359.8,"Austin-Round Rock-San Marcos, TX",1.22,,,,,,,,"Austin-Round Rock-Georgetown, TX",2002134.0,0.0307171241519162,0.0913274166487699,-0.000691323186951642,"Austin, TX",267879.05146774073,63437.0,715.0,4.222757246839238,False,2015-04-01,Austin
12420.0,"Austin-Round Rock-San Marcos, TX",2015,3,367.62,364.2,"Austin-Round Rock-San Marcos, TX",1.27,,,,,,,,"Austin-Round Rock-Georgetown, TX",2002134.0,0.0307171241519162,0.0913274166487699,-0.000691323186951642,"Austin, TX",273276.2639940313,63437.0,715.0,4.307837129656687,False,2015-07-01,Austin
12420.0,"Austin-Round Rock-San Marcos, TX",2015,4,365.72,371.68,"Austin-Round Rock-San Marcos, TX",1.33,,,,,,,,"Austin-Round Rock-Georgetown, TX",2002134.0,0.0307171241519162,0.0913274166487699,-0.000691323186951642,"Austin, TX",278570.87223646883,63437.0,715.0,4.391299592295803,False,2015-10-01,Austin
12420.0,"Austin-Round Rock-San Marcos, TX",2016,1,380.84,383.16,"Austin-Round Rock-San Marcos, TX",1.36,,,,,,,,"Austin-Round Rock-Georgetown, TX",2062016.0,0.0299090870041665,0.0948864103986853,-0.000808037147749685,"Austin, TX",284443.28971367714,66093.0,508.0,4.3036825339094475,False,2016-01-01,Austin
12420.0,"Austin-Round Rock-San Marcos, TX",2016,2,394.65,388.07,"Austin-Round Rock-San Marcos, TX",1.34,,,,,,,,"Austin-Round Rock-Georgetown, TX",2062016.0,0.0299090870041665,0.0948864103986853,-0.000808037147749685,"Austin, TX",289318.315012494,66093.0,508.0,4.3774426189232445,False,2016-04-01,Austin
12420.0,"Austin-Round Rock-San Marcos, TX",2016,3,400.99,397.92,"Austin-Round Rock-San Marcos, TX",1.34,,,,,,,,"Austin-Round Rock-Georgetown, TX",2062016.0,0.0299090870041665,0.0948864103986853,-0.000808037147749685,"Austin, TX",293020.7896889005,66093.0,508.0,4.433461783984696,False,2016-07-01,Austin
12420.0,"Austin-Round Rock-San Marcos, TX",2016,4,397.97,404.27,"Austin-Round Rock-San Marcos, TX",1.37,,,,,,,,"Austin-Round Rock-Georgetown, TX",2062016.0,0.0299090870041665,0.0948864103986853,-0.000808037147749685,"Austin, TX",296198.079873781,66093.0,508.0,4.481534805104641,False,2016-10-01,Austin
12420.0,"Austin-Round Rock-San Marcos, TX",2017,1,403.76,405.37,"Austin-Round Rock-San Marcos, TX",1.48,,,,,,,,"Austin-Round Rock-Georgetown, TX",2115475.0,0.0259255990254197,0.0890661205570031,-0.0039834879787468,"Austin, TX",301294.7648184207,69717.0,545.0,4.321682872447476,False,2017-01-01,Austin
12420.0,"Austin-Round Rock-San Marcos, TX",2017,2,420.77,414.19,"Austin-Round Rock-San Marcos, TX",1.47,,,,,,,,"Austin-Round Rock-Georgetown, TX",2115475.0,0.0259255990254197,0.0890661205570031,-0.0039834879787468,"Austin, TX",304927.0063814552,69717.0,545.0,4.37378266967103,False,2017-04-01,Austin
12420.0,"Austin-Round Rock-San Marcos, TX",2017,3,421.79,419.01,"Austin-Round Rock-San Marcos, TX",1.5,,,,,,,,"Austin-Round Rock-Georgetown, TX",2115475.0,0.0259255990254197,0.0890661205570031,-0.0039834879787468,"Austin, TX",306276.5763379224,69717.0,545.0,4.393140501426085,False,2017-07-01,Austin
12420.0,"Austin-Round Rock-San Marcos, TX",2017,4,421.56,428.26,"Austin-Round Rock-San Marcos, TX",1.51,,,,,,,,"Austin-Round Rock-Georgetown, TX",2115475.0,0.0259255990254197,0.0890661205570031,-0.0039834879787468,"Austin, TX",308834.19235318364,69717.0,545.0,4.429826188062935,False,2017-10-01,Austin
12420.0,"Austin-Round Rock-San Marcos, TX",2018,1,429.43,430.7,"Austin-Round Rock-San Marcos, TX",1.56,,,,,,,,"Austin-Round Rock-Georgetown, TX",2165497.0,0.0236457533178127,0.081594438733871,-0.0022798457076069,"Austin, TX",312073.53523600457,73213.0,538.0,4.262542652752988,False,2018-01-01,Austin
12420.0,"Austin-Round Rock-San Marcos, TX",2018,2,443.07,435.6,"Austin-Round Rock-San Marcos, TX",1.51,,,,,,,,"Austin-Round Rock-Georgetown, TX",2165497.0,0.0236457533178127,0.081594438733871,-0.0022798457076069,"Austin, TX",314719.8779736604,73213.0,538.0,4.298688456608258,False,2018-04-01,Austin
12420.0,"Austin-Round Rock-San Marcos, TX",2018,3,450.62,448.43,"Austin-Round Rock-San Marcos, TX",1.57,,,,,,,,"Austin-Round Rock-Georgetown, TX",2165497.0,0.0236457533178127,0.081594438733871,-0.0022798457076069,"Austin, TX",317181.3600814441,73213.0,538.0,4.332309290446288,False,2018-07-01,Austin
12420.0,"Austin-Round Rock-San Marcos, TX",2018,4,443.45,451.16,"Austin-Round Rock-San Marcos, TX",1.58,,,,,,,,"Austin-Round Rock-Georgetown, TX",2165497.0,0.0236457533178127,0.081594438733871,-0.0022798457076069,"Austin, TX",319438.1248614048,73213.0,538.0,4.363133936068797,False,2018-10-01,Austin
12420.0,"Austin-Round Rock-San Marcos, TX",2019,1,460.44,461.1,"Austin-Round Rock-San Marcos, TX",1.63,,,,,,,,"Austin-Round Rock-Georgetown, TX",2227083.0,0.0284396607337716,0.0800512702132281,0.0047939074159588,"Austin, TX",321441.88312302274,76844.0,621.0,4.183044650500009,False,2019-01-01,Austin
12420.0,"Austin-Round Rock-San Marcos, TX",2019,2,473.83,464.9,"Austin-Round Rock-San Marcos, TX",1.57,,,,,,,,"Austin-Round Rock-Georgetown, TX",2227083.0,0.0284396607337716,0.0800512702132281,0.0047939074159588,"Austin, TX",322971.64687432477,76844.0,621.0,4.202952044067524,False,2019-04-01,Austin
12420.0,"Austin-Round Rock-San Marcos, TX",2019,3,475.72,473.96,"Austin-Round Rock-San Marcos, TX",1.56,,,,,,,,"Austin-Round Rock-Georgetown, TX",2227083.0,0.0284396607337716,0.0800512702132281,0.0047939074159588,"Austin, TX",325435.04213345575,76844.0,621.0,4.235009137127892,False,2019-07-01,Austin
12420.0,"Austin-Round Rock-San Marcos, TX",2019,4,485.99,495.88,"Austin-Round Rock-San Marcos, TX",1.59,,,,,,,,"Austin-Round Rock-Georgetown, TX",2227083.0,0.0284396607337716,0.0800512702132281,0.0047939074159588,"Austin, TX",330525.4447557237,76844.0,621.0,4.301252469362913,False,2019-10-01,Austin
12420.0,"Austin-Round Rock-San Marcos, TX",2020,1,500.93,501.21,"Austin-Round Rock-San Marcos, TX",1.61,,,,,,,,"Austin-Round Rock-San Marcos, TX",2300172.0,0.0328182649681219,0.0873075786761839,0.0043786042343503,"Austin, TX",338346.29317403265,80852.0,688.0,4.184760960446651,False,2020-01-01,Austin
12420.0,"Austin-Round Rock-San Marcos, TX",2020,2,515.65,504.06,"Austin-Round Rock-San Marcos, TX",1.58,,,,,,,,"Austin-Round Rock-San Marcos, TX",2300172.0,0.0328182649681219,0.0873075786761839,0.0043786042343503,"Austin, TX",344671.94920020824,80852.0,688.0,4.262998431704945,False,2020-04-01,Austin
12420.0,"Austin-Round Rock-San Marcos, TX",2020,3,530.95,529.75,"Austin-Round Rock-San Marcos, TX",1.61,,,,,,,,"Austin-Round Rock-San Marcos, TX",2300172.0,0.0328182649681219,0.0873075786761839,0.0043786042343503,"Austin, TX",350606.1480637049,80852.0,688.0,4.336394252012379,False,2020-07-01,Austin
12420.0,"Austin-Round Rock-San Marcos, TX",2020,4,551.73,565.03,"Austin-Round Rock-San Marcos, TX",1.68,,,,,,,,"Austin-Round Rock-San Marcos, TX",2300172.0,0.0328182649681219,0.0873075786761839,0.0043786042343503,"Austin, TX",367314.50914771314,80852.0,688.0,4.543047904167035,False,2020-10-01,Austin
12420.0,"Austin-Round Rock-San Marcos, TX",2021,1,610.33,609.52,"Austin-Round Rock-San Marcos, TX",1.77,,,,,,,,"Austin-Round Rock-San Marcos, TX",2359313.0,0.0257115554836769,0.089501855694097,-0.007106709484445,"Austin, TX",392175.3973355509,85398.0,783.0,4.592325315997458,False,2021-01-01,Austin
12420.0,"Austin-Round Rock-San Marcos, TX",2021,2,687.19,670.2,"Austin-Round Rock-San Marcos, TX",2.05,,,,,,,,"Austin-Round Rock-San Marcos, TX",2359313.0,0.0257115554836769,0.089501855694097,-0.007106709484445,"Austin, TX",443623.887361965,85398.0,783.0,5.194780760228167,True,2021-04-01,Austin
12420.0,"Austin-Round Rock-San Marcos, TX",2021,3,704.43,703.2,"Austin-Round Rock-San Marcos, TX",2.29,,,,,,,,"Austin-Round Rock-San Marcos, TX",2359313.0,0.0257115554836769,0.089501855694097,-0.007106709484445,"Austin, TX",489245.1708510997,85398.0,783.0,5.729000337842804,True,2021-07-01,Austin
12420.0,"Austin-Round Rock-San Marcos, TX",2021,4,714.23,733.96,"Austin-Round Rock-San Marcos, TX",2.4,,,,,,,,"Austin-Round Rock-San Marcos, TX",2359313.0,0.0257115554836769,0.089501855694097,-0.007106709484445,"Austin, TX",501551.247136966,85398.0,783.0,5.873102966544486,True,2021-10-01,Austin
12420.0,"Austin-Round Rock-San Marcos, TX",2022,1,776.65,774.19,"Austin-Round Rock-San Marcos, TX",2.69,,,,,,,,"Austin-Round Rock-San Marcos, TX",2434592.0,0.031907169587079,0.0931752431319353,0.006195614103402,"Austin, TX",529045.2845748127,92939.0,756.0,5.692392693861702,True,2022-01-01,Austin
12420.0,"Austin-Round Rock-San Marcos, TX",2022,2,828.34,806.66,"Austin-Round Rock-San Marcos, TX",3.25,,,,,,,,"Austin-Round Rock-San Marcos, TX",2434592.0,0.031907169587079,0.0931752431319353,0.006195614103402,"Austin, TX",569747.1405265145,92939.0,756.0,6.130334310962185,True,2022-04-01,Austin
12420.0,"Austin-Round Rock-San Marcos, TX",2022,3,761.57,760.75,"Austin-Round Rock-San Marcos, TX",3.56,,,,,,,,"Austin-Round Rock-San Marcos, TX",2434592.0,0.031907169587079,0.0931752431319353,0.006195614103402,"Austin, TX",568832.9808529924,92939.0,756.0,6.120498185401095,True,2022-07-01,Austin
12420.0,"Austin-Round Rock-San Marcos, TX",2022,4,716.71,738.31,"Austin-Round Rock-San Marcos, TX",3.81,,,,,,,,"Austin-Round Rock-San Marcos, TX",2434592.0,0.031907169587079,0.0931752431319353,0.006195614103402,"Austin, TX",537398.7645773625,92939.0,756.0,5.782274013894732,True,2022-10-01,Austin
12420.0,"Austin-Round Rock-San Marcos, TX",2023,1,713.31,709.11,"Austin-Round Rock-San Marcos, TX",3.88,,,,,,,,"Austin-Round Rock-San Marcos, TX",2498809.0,0.0263769042205018,0.0863574550077124,-0.0055302653665771,"Austin, TX",512870.5761534173,97638.0,1163.0,5.2527763386531605,True,2023-01-01,Austin
12420.0,"Austin-Round Rock-San Marcos, TX",2023,2,732.97,714.22,"Austin-Round Rock-San Marcos, TX",3.53,,,,,,,,"Austin-Round Rock-San Marcos, TX",2498809.0,0.0263769042205018,0.0863574550077124,-0.0055302653665771,"Austin, TX",499786.26178816624,97638.0,1163.0,5.118767916058975,True,2023-04-01,Austin
12420.0,"Austin-Round Rock-San Marcos, TX",2023,3,720.52,720.08,"Austin-Round Rock-San Marcos, TX",3.62,,,,,,,,"Austin-Round Rock-San Marcos, TX",2498809.0,0.0263769042205018,0.0863574550077124,-0.0055302653665771,"Austin, TX",495550.0324659725,97638.0,1163.0,5.075380819619128,True,2023-07-01,Austin
12420.0,"Austin-Round Rock-San Marcos, TX",2023,4,691.58,712.99,"Austin-Round Rock-San Marcos, TX",3.53,,,,,,,,"Austin-Round Rock-San Marcos, TX",2498809.0,0.0263769042205018,0.0863574550077124,-0.0055302653665771,"Austin, TX",487607.7319732919,97638.0,1163.0,4.99403646094033,False,2023-10-01,Austin
12420.0,"Austin-Round Rock-San Marcos, TX",2024,1,727.57,721.69,"Austin-Round Rock-San Marcos, TX",3.9,,,,,,,,"Austin-Round Rock-San Marcos, TX",2567149.0,0.0273490290774525,0.088091745351295,0.000972124856950751,"Austin, TX",480574.5709139137,100431.0,996.0,4.785121834034449,False,2024-01-01,Austin
12420.0,"Austin-Round Rock-San Marcos, TX",2024,2,718.98,701.58,"Austin-Round Rock-San Marcos, TX",3.49,,,,,,,,"Austin-Round Rock-San Marcos, TX",2567149.0,0.0273490290774525,0.088091745351295,0.000972124856950751,"Austin, TX",478410.7255315536,100431.0,996.0,4.76357624171375,False,2024-04-01,Austin
12420.0,"Austin-Round Rock-San Marcos, TX",2024,3,707.74,707.74,"Austin-Round Rock-San Marcos, TX",3.49,,,,,,,,"Austin-Round Rock-San Marcos, TX",2567149.0,0.0273490290774525,0.088091745351295,0.000972124856950751,"Austin, TX",472902.4380260629,100431.0,996.0,4.708729755016508,False,2024-07-01,Austin
12420.0,"Austin-Round Rock-San Marcos, TX",2024,4,684.37,705.32,"Austin-Round Rock-San Marcos, TX",3.63,,,,,,,,"Austin-Round Rock-San Marcos, TX",2567149.0,0.0273490290774525,0.088091745351295,0.000972124856950751,"Austin, TX",469666.5243580485,100431.0,996.0,4.676509487688548,False,2024-10-01,Austin
14260.0,"Boise City, ID",2010,1,193.24,194.64,"Boise City, ID",1.11,394399.0,"Boise City, ID",msa,ID,-0.128581495760973,-0.0190432729804547,Boise City,"Boise City, ID",617866.0,,,,"Boise City, ID",162338.25052059427,50998.0,530.0,3.183227783846313,False,2010-01-01,Boise
14260.0,"Boise City, ID",2010,2,190.15,186.81,"Boise City, ID",1.07,394399.0,"Boise City, ID",msa,ID,-0.0974629972011822,-0.0125503208635451,Boise City,"Boise City, ID",617866.0,,,,"Boise City, ID",160300.85338813424,50998.0,530.0,3.14327725377729,False,2010-04-01,Boise
14260.0,"Boise City, ID",2010,3,179.52,176.55,"Boise City, ID",1.0,394399.0,"Boise City, ID",msa,ID,-0.0978373984177162,-0.0367634448479683,Boise City,"Boise City, ID",617866.0,,,,"Boise City, ID",154407.6418055173,50998.0,530.0,3.0277195538161754,False,2010-07-01,Boise
14260.0,"Boise City, ID",2010,4,166.75,167.92,"Boise City, ID",0.97,394399.0,"Boise City, ID",msa,ID,-0.112166005359371,-0.0484447904647464,Boise City,"Boise City, ID",617866.0,,,,"Boise City, ID",146927.3959520934,50998.0,530.0,2.8810423144455353,False,2010-10-01,Boise
14260.0,"Boise City, ID",2011,1,160.15,161.43,"Boise City, ID",0.96,394399.0,"Boise City, ID",msa,ID,-0.130384107480956,-0.0391722271966436,Boise City,"Boise City, ID",627670.0,0.0158675181997392,,,"Boise City, ID",141171.9226164468,50899.0,555.0,2.7735696696683,False,2011-01-01,Boise
14260.0,"Boise City, ID",2011,2,163.87,161.04,"Boise City, ID",0.96,394399.0,"Boise City, ID",msa,ID,-0.144136278958547,-0.0281659247523391,Boise City,"Boise City, ID",627670.0,0.0158675181997392,,,"Boise City, ID",137195.6848668889,50899.0,555.0,2.6954495150570525,False,2011-04-01,Boise
14260.0,"Boise City, ID",2011,3,167.39,164.0,"Boise City, ID",0.92,394399.0,"Boise City, ID",msa,ID,-0.118957146007337,-0.0084254505045152,Boise City,"Boise City, ID",627670.0,0.0158675181997392,,,"Boise City, ID",136039.74941460986,50899.0,555.0,2.6727391385805195,False,2011-07-01,Boise
14260.0,"Boise City, ID",2011,4,168.49,170.18,"Boise City, ID",0.92,394399.0,"Boise City, ID",msa,ID,-0.076707769116386,-0.0028140762514543,Boise City,"Boise City, ID",627670.0,0.0158675181997392,,,"Boise City, ID",135656.9231865284,50899.0,555.0,2.6652178468443077,False,2011-10-01,Boise
14260.0,"Boise City, ID",2012,1,171.63,173.05,"Boise City, ID",0.92,394399.0,"Boise City, ID",msa,ID,-0.0335704769202264,0.0057187693905769,Boise City,"Boise City, ID",637425.0,0.0155416062580656,,-0.00032591194167364,"Boise City, ID",136432.71384646738,50619.0,754.0,2.6952866284689025,False,2012-01-01,Boise
14260.0,"Boise City, ID",2012,2,194.62,191.25,"Boise City, ID",0.91,394399.0,"Boise City, ID",msa,ID,0.0210349355273929,0.0267448568848323,Boise City,"Boise City, ID",637425.0,0.0155416062580656,,-0.00032591194167364,"Boise City, ID",140081.58725270044,50619.0,754.0,2.767371683610906,False,2012-04-01,Boise
14260.0,"Boise City, ID",2012,3,202.5,197.99,"Boise City, ID",0.92,394399.0,"Boise City, ID",msa,ID,0.0748455092722293,0.0438325022476784,Boise City,"Boise City, ID",637425.0,0.0155416062580656,,-0.00032591194167364,"Boise City, ID",146221.7137408128,50619.0,754.0,2.888672509152942,False,2012-07-01,Boise
14260.0,"Boise City, ID",2012,4,200.79,203.22,"Boise City, ID",0.93,394399.0,"Boise City, ID",msa,ID,0.134772490457487,0.0527830691756548,Boise City,"Boise City, ID",637425.0,0.0155416062580656,,-0.00032591194167364,"Boise City, ID",153939.74457217692,50619.0,754.0,3.0411455100293745,False,2012-10-01,Boise
14260.0,"Boise City, ID",2013,1,210.45,212.16,"Boise City, ID",0.97,394399.0,"Boise City, ID",msa,ID,0.169959644610314,0.0369042111161424,Boise City,"Boise City, ID",649224.0,0.0185104129897635,0.0507521048253181,0.0029688067316979,"Boise City, ID",159620.76940503358,50126.0,770.0,3.184390723477508,False,2013-01-01,Boise
14260.0,"Boise City, ID",2013,2,221.5,217.55,"Boise City, ID",0.99,394399.0,"Boise City, ID",msa,ID,0.188387254760065,0.0429167428409829,Boise City,"Boise City, ID",649224.0,0.0185104129897635,0.0507521048253181,0.0029688067316979,"Boise City, ID",166471.17291766923,50126.0,770.0,3.321054401262204,False,2013-04-01,Boise
14260.0,"Boise City, ID",2013,3,232.04,226.86,"Boise City, ID",1.08,394399.0,"Boise City, ID",msa,ID,0.188240048827054,0.0437032023609742,Boise City,"Boise City, ID",649224.0,0.0185104129897635,0.0507521048253181,0.0029688067316979,"Boise City, ID",173746.49627495886,50126.0,770.0,3.46619511381237,False,2013-07-01,Boise
14260.0,"Boise City, ID",2013,4,224.12,227.01,"Boise City, ID",1.16,394399.0,"Boise City, ID",msa,ID,0.162125051241779,0.0296451288777497,Boise City,"Boise City, ID",649224.0,0.0185104129897635,0.0507521048253181,0.0029688067316979,"Boise City, ID",178897.23354908748,50126.0,770.0,3.568950914676764,False,2013-10-01,Boise
14260.0,"Boise City, ID",2014,1,230.86,232.56,"Boise City, ID",1.24,394399.0,"Boise City, ID",msa,ID,0.137691948187328,0.0151038141444708,Boise City,"Boise City, ID",662624.0,0.020640025630599,0.055688498733411,0.0021296126408354,"Boise City, ID",181599.2641155729,50776.0,719.0,3.5764783384979695,False,2014-01-01,Boise
14260.0,"Boise City, ID",2014,2,238.67,234.21,"Boise City, ID",1.21,394399.0,"Boise City, ID",msa,ID,0.108531300569469,0.0161853172725712,Boise City,"Boise City, ID",662624.0,0.020640025630599,0.055688498733411,0.0021296126408354,"Boise City, ID",184538.50582174893,50776.0,719.0,3.634364775125038,False,2014-04-01,Boise
14260.0,"Boise City, ID",2014,3,243.13,238.24,"Boise City, ID",1.2,394399.0,"Boise City, ID",msa,ID,0.0758129125634797,0.012898220742144,Boise City,"Boise City, ID",662624.0,0.020640025630599,0.055688498733411,0.0021296126408354,"Boise City, ID",186918.72420526325,50776.0,719.0,3.6812416142520727,False,2014-07-01,Boise
14260.0,"Boise City, ID",2014,4,237.62,240.44,"Boise City, ID",1.22,394399.0,"Boise City, ID",msa,ID,0.0547335993134133,0.0094704201021305,Boise City,"Boise City, ID",662624.0,0.020640025630599,0.055688498733411,0.0021296126408354,"Boise City, ID",188688.92304844136,50776.0,719.0,3.716104518836485,False,2014-10-01,Boise
14260.0,"Boise City, ID",2015,1,243.37,244.93,"Boise City, ID",1.24,394399.0,"Boise City, ID",msa,ID,0.0527010489468827,0.0131476333317526,Boise City,"Boise City, ID",674640.0,0.0181339643598784,0.0583833392163784,-0.0025060612707206,"Boise City, ID",191169.73582244557,51024.0,708.0,3.746663057040718,False,2015-01-01,Boise
14260.0,"Boise City, ID",2015,2,257.79,252.83,"Boise City, ID",1.23,394399.0,"Boise City, ID",msa,ID,0.0581178857309348,0.0214142566865887,Boise City,"Boise City, ID",674640.0,0.0181339643598784,0.0583833392163784,-0.0025060612707206,"Boise City, ID",195263.49361605477,51024.0,708.0,3.8268950614623463,False,2015-04-01,Boise
14260.0,"Boise City, ID",2015,3,262.74,258.2,"Boise City, ID",1.29,394399.0,"Boise City, ID",msa,ID,0.0665762652127455,0.0209951234058481,Boise City,"Boise City, ID",674640.0,0.0181339643598784,0.0583833392163784,-0.0025060612707206,"Boise City, ID",199363.07476118088,51024.0,708.0,3.907241195538979,False,2015-07-01,Boise
14260.0,"Boise City, ID",2015,4,265.28,268.02,"Boise City, ID",1.35,394399.0,"Boise City, ID",msa,ID,0.0767420075348533,0.0190918756953704,Boise City,"Boise City, ID",674640.0,0.0181339643598784,0.0583833392163784,-0.0025060612707206,"Boise City, ID",203169.28980276815,51024.0,708.0,3.98183775875604,False,2015-10-01,Boise
14260.0,"Boise City, ID",2016,1,270.9,272.35,"Boise City, ID",1.39,394399.0,"Boise City, ID",msa,ID,0.086802571786863,0.022614002053859,Boise City,"Boise City, ID",691285.0,0.0246724178821298,0.064786575973778,0.0065384535222514,"Boise City, ID",207763.76053964905,52377.0,684.0,3.9666983702703296,False,2016-01-01,Boise
14260.0,"Boise City, ID",2016,2,286.32,280.64,"Boise City, ID",1.34,394399.0,"Boise City, ID",msa,ID,0.0926655421509368,0.0269244769159629,Boise City,"Boise City, ID",691285.0,0.0246724178821298,0.064786575973778,0.0065384535222514,"Boise City, ID",213357.6911142725,52377.0,684.0,4.07349964897326,False,2016-04-01,Boise
14260.0,"Boise City, ID",2016,3,291.86,287.88,"Boise City, ID",1.35,394399.0,"Boise City, ID",msa,ID,0.095135875842079,0.0233034222901312,Boise City,"Boise City, ID",691285.0,0.0246724178821298,0.064786575973778,0.0065384535222514,"Boise City, ID",218329.6554891557,52377.0,684.0,4.1684261314919855,False,2016-07-01,Boise
14260.0,"Boise City, ID",2016,4,294.19,296.59,"Boise City, ID",1.39,394399.0,"Boise City, ID",msa,ID,0.098155320425247,0.0219016562090923,Boise City,"Boise City, ID",691285.0,0.0246724178821298,0.064786575973778,0.0065384535222514,"Boise City, ID",223111.43654392875,52377.0,684.0,4.259721567556919,False,2016-10-01,Boise
14260.0,"Boise City, ID",2017,1,302.81,304.04,"Boise City, ID",1.51,394399.0,"Boise City, ID",msa,ID,0.101625435867613,0.0258454107390467,Boise City,"Boise City, ID",709682.0,0.0266127574010719,0.0710176510358815,0.0019403395189421,"Boise City, ID",228877.84326198537,54120.0,940.0,4.229080621987904,False,2017-01-01,Boise
14260.0,"Boise City, ID",2017,2,317.18,310.99,"Boise City, ID",1.5,394399.0,"Boise City, ID",msa,ID,0.101204830064906,0.0265323922927603,Boise City,"Boise City, ID",709682.0,0.0266127574010719,0.0710176510358815,0.0019403395189421,"Boise City, ID",234950.5199865332,54120.0,940.0,4.341288248088197,False,2017-04-01,Boise
14260.0,"Boise City, ID",2017,3,320.1,316.46,"Boise City, ID",1.51,394399.0,"Boise City, ID",msa,ID,0.0970239546137723,0.0194183102378509,Boise City,"Boise City, ID",709682.0,0.0266127574010719,0.0710176510358815,0.0019403395189421,"Boise City, ID",239512.86207417608,54120.0,940.0,4.425588730121509,False,2017-07-01,Boise
14260.0,"Boise City, ID",2017,4,327.07,329.36,"Boise City, ID",1.53,394399.0,"Boise City, ID",msa,ID,0.0987446191102808,0.0235044925841477,Boise City,"Boise City, ID",709682.0,0.0266127574010719,0.0710176510358815,0.0019403395189421,"Boise City, ID",245142.49036460655,54120.0,940.0,4.529609947609138,False,2017-10-01,Boise
14260.0,"Boise City, ID",2018,1,342.47,343.55,"Boise City, ID",1.65,394399.0,"Boise City, ID",msa,ID,0.104620568203321,0.0313315039639788,Boise City,"Boise City, ID",728911.0,0.0270952342034882,0.0804443851535634,0.00048247680241631,"Boise City, ID",252823.17327320483,57105.0,733.0,4.427338644132823,False,2018-01-01,Boise
14260.0,"Boise City, ID",2018,2,365.05,357.86,"Boise City, ID",1.65,394399.0,"Boise City, ID",msa,ID,0.118049105201131,0.03901163503561,Boise City,"Boise City, ID",728911.0,0.0270952342034882,0.0804443851535634,0.00048247680241631,"Boise City, ID",262686.2186374839,57105.0,733.0,4.600056363496785,False,2018-04-01,Boise
14260.0,"Boise City, ID",2018,3,380.96,377.06,"Boise City, ID",1.71,394399.0,"Boise City, ID",msa,ID,0.141084394939301,0.0404214987664089,Boise City,"Boise City, ID",728911.0,0.0270952342034882,0.0804443851535634,0.00048247680241631,"Boise City, ID",273304.38930009154,57105.0,733.0,4.785997536119281,False,2018-07-01,Boise
14260.0,"Boise City, ID",2018,4,383.65,386.43,"Boise City, ID",1.74,394399.0,"Boise City, ID",msa,ID,0.156175055827597,0.0370401778355933,Boise City,"Boise City, ID",728911.0,0.0270952342034882,0.0804443851535634,0.00048247680241631,"Boise City, ID",283427.6324830152,57105.0,733.0,4.963271735977851,False,2018-10-01,Boise
14260.0,"Boise City, ID",2019,1,398.38,399.37,"Boise City, ID",1.81,394399.0,"Boise City, ID",msa,ID,0.155507302866122,0.0307358548340628,Boise City,"Boise City, ID",749202.0,0.0278374177368705,0.0837816530085276,0.00074218353338229,"Boise City, ID",292139.02305097523,60568.0,988.0,4.823322927139335,False,2019-01-01,Boise
14260.0,"Boise City, ID",2019,2,417.14,408.82,"Boise City, ID",1.8,394399.0,"Boise City, ID",msa,ID,0.140191432633627,0.0252398766635193,Boise City,"Boise City, ID",749202.0,0.0278374177368705,0.0837816530085276,0.00074218353338229,"Boise City, ID",299512.5759613829,60568.0,988.0,4.945063002928657,False,2019-04-01,Boise
14260.0,"Boise City, ID",2019,3,422.71,418.05,"Boise City, ID",1.8,394399.0,"Boise City, ID",msa,ID,0.118446420227958,0.0205792356601666,Boise City,"Boise City, ID",749202.0,0.0278374177368705,0.0837816530085276,0.00074218353338229,"Boise City, ID",305676.3158452757,60568.0,988.0,5.046828619820296,True,2019-07-01,Boise
14260.0,"Boise City, ID",2019,4,435.23,439.19,"Boise City, ID",1.82,394399.0,"Boise City, ID",msa,ID,0.107166981572994,0.0265817143302554,Boise City,"Boise City, ID",749202.0,0.0278374177368705,0.0837816530085276,0.00074218353338229,"Boise City, ID",313801.7163505997,60568.0,988.0,5.180981976466116,True,2019-10-01,Boise
14260.0,"Boise City, ID",2020,1,450.23,451.44,"Boise City, ID",1.88,394399.0,"Boise City, ID",msa,ID,0.114617820752999,0.0376723397719743,Boise City,"Boise City, ID",770194.0,0.0280191457043628,0.0852663587353208,0.000181727967492273,"Boise City, ID",325623.3612299882,64717.0,1092.0,5.031496534604327,True,2020-01-01,Boise
14260.0,"Boise City, ID",2020,2,470.18,460.19,"Boise City, ID",1.9,394399.0,"Boise City, ID",msa,ID,0.124706888680296,0.0345199317324789,Boise City,"Boise City, ID",770194.0,0.0280191457043628,0.0852663587353208,0.000181727967492273,"Boise City, ID",336863.8574301477,64717.0,1092.0,5.205183451491072,True,2020-04-01,Boise
14260.0,"Boise City, ID",2020,3,497.73,491.75,"Boise City, ID",1.99,394399.0,"Boise City, ID",msa,ID,0.128621080758221,0.0241310438684395,Boise City,"Boise City, ID",770194.0,0.0280191457043628,0.0852663587353208,0.000181727967492273,"Boise City, ID",344992.7339514863,64717.0,1092.0,5.330789961702277,True,2020-07-01,Boise
14260.0,"Boise City, ID",2020,4,532.44,538.35,"Boise City, ID",2.08,394399.0,"Boise City, ID",msa,ID,0.175380117790741,0.0691132363934697,Boise City,"Boise City, ID",770194.0,0.0280191457043628,0.0852663587353208,0.000181727967492273,"Boise City, ID",368836.2983271048,64717.0,1092.0,5.699218108489342,True,2020-10-01,Boise
14260.0,"Boise City, ID",2021,1,579.72,581.47,"Boise City, ID",2.21,394399.0,"Boise City, ID",msa,ID,0.261125594373658,0.113371858560754,Boise City,"Boise City, ID",797111.0,0.0349483376915427,0.0935642348654362,0.0069291919871799,"Boise City, ID",410651.9549731172,69801.0,1233.0,5.883181544291876,True,2021-01-01,Boise
14260.0,"Boise City, ID",2021,2,649.69,635.41,"Boise City, ID",2.53,394399.0,"Boise City, ID",msa,ID,0.3740150995333,0.127124858388549,Boise City,"Boise City, ID",797111.0,0.0349483376915427,0.0935642348654362,0.0069291919871799,"Boise City, ID",462856.02659605566,69801.0,1233.0,6.631080164984107,True,2021-04-01,Boise
14260.0,"Boise City, ID",2021,3,671.48,662.5,"Boise City, ID",2.77,394399.0,"Boise City, ID",msa,ID,0.435318465992795,0.0698239046718883,Boise City,"Boise City, ID",797111.0,0.0349483376915427,0.0935642348654362,0.0069291919871799,"Boise City, ID",495174.4416739076,69801.0,1233.0,7.094088074295606,True,2021-07-01,Boise
14260.0,"Boise City, ID",2021,4,664.09,672.44,"Boise City, ID",2.88,394399.0,"Boise City, ID",msa,ID,0.36113134562501,0.0138541184803918,Boise City,"Boise City, ID",797111.0,0.0349483376915427,0.0935642348654362,0.0069291919871799,"Boise City, ID",502034.6470573198,69801.0,1233.0,7.192370410987232,True,2021-10-01,Boise
14260.0,"Boise City, ID",2022,1,692.07,694.58,"Boise City, ID",3.08,394399.0,"Boise City, ID",msa,ID,0.251845614373942,0.0239788267212724,Boise City,"Boise City, ID",813450.0,0.0204977725812341,0.0857552435791682,-0.0144505651103086,"Boise City, ID",514072.8488671825,78138.0,1191.0,6.5790377136243885,True,2022-01-01,Boise
14260.0,"Boise City, ID",2022,2,745.48,728.8,"Boise City, ID",3.71,394399.0,"Boise City, ID",msa,ID,0.153934106043484,0.0389682249391692,Boise City,"Boise City, ID",813450.0,0.0204977725812341,0.0857552435791682,-0.0144505651103086,"Boise City, ID",534105.3552769583,78138.0,1191.0,6.835411135132181,True,2022-04-01,Boise
14260.0,"Boise City, ID",2022,3,687.33,677.37,"Boise City, ID",4.11,394399.0,"Boise City, ID",msa,ID,0.067058026357947,-0.0107197817526677,Boise City,"Boise City, ID",813450.0,0.0204977725812341,0.0857552435791682,-0.0144505651103086,"Boise City, ID",528379.8624354582,78138.0,1191.0,6.762137019573808,True,2022-07-01,Boise
14260.0,"Boise City, ID",2022,4,655.03,663.81,"Boise City, ID",4.08,394399.0,"Boise City, ID",msa,ID,-0.0034293785367536,-0.0531187583343827,Boise City,"Boise City, ID",813450.0,0.0204977725812341,0.0857552435791682,-0.0144505651103086,"Boise City, ID",500312.98021399474,78138.0,1191.0,6.402940697407084,True,2022-10-01,Boise
14260.0,"Boise City, ID",2023,1,651.2,653.55,"Boise City, ID",4.19,394399.0,"Boise City, ID",msa,ID,-0.072008669779414,-0.0464865679749183,Boise City,"Boise City, ID",827672.0,0.0174835576863974,0.0746279508799081,-0.0030142148948366,"Boise City, ID",477055.1468505429,82694.0,1233.0,5.7689209235318515,True,2023-01-01,Boise
14260.0,"Boise City, ID",2023,2,667.09,652.57,"Boise City, ID",4.27,394399.0,"Boise City, ID",msa,ID,-0.123214713984392,-0.0183614624418076,Boise City,"Boise City, ID",827672.0,0.0174835576863974,0.0746279508799081,-0.0030142148948366,"Boise City, ID",468295.7166889757,82694.0,1233.0,5.662995098664664,True,2023-04-01,Boise
14260.0,"Boise City, ID",2023,3,673.2,663.0,"Boise City, ID",4.29,394399.0,"Boise City, ID",msa,ID,-0.105752267688739,0.0089831637210182,Boise City,"Boise City, ID",827672.0,0.0174835576863974,0.0746279508799081,-0.0030142148948366,"Boise City, ID",472502.4937818444,82694.0,1233.0,5.7138667107872925,True,2023-07-01,Boise
14260.0,"Boise City, ID",2023,4,661.61,670.3,"Boise City, ID",4.36,394399.0,"Boise City, ID",msa,ID,-0.0437190172167049,0.0125656366147668,Boise City,"Boise City, ID",827672.0,0.0174835576863974,0.0746279508799081,-0.0030142148948366,"Boise City, ID",478439.78841827816,82694.0,1233.0,5.785665083540259,True,2023-10-01,Boise
14260.0,"Boise City, ID",2024,1,673.64,675.91,"Boise City, ID",4.44,394399.0,"Boise City, ID",msa,ID,0.0068708023966601,0.0039568408071644,Boise City,"Boise City, ID",845389.0,0.0214058225963909,0.0605662197611123,0.0039222649099934,"Boise City, ID",480332.89849686273,85987.0,1175.0,5.586110673670005,True,2024-01-01,Boise
14260.0,"Boise City, ID",2024,2,695.92,681.57,"Boise City, ID",4.2,394399.0,"Boise City, ID",msa,ID,0.0376691986966213,0.0116651235224174,Boise City,"Boise City, ID",845389.0,0.0214058225963909,0.0605662197611123,0.0039222649099934,"Boise City, ID",485936.04108970944,85987.0,1175.0,5.65127334468826,True,2024-04-01,Boise
14260.0,"Boise City, ID",2024,3,704.35,693.72,"Boise City, ID",4.38,394399.0,"Boise City, ID",msa,ID,0.0332383426730867,0.0046747973030558,Boise City,"Boise City, ID",845389.0,0.0214058225963909,0.0605662197611123,0.0039222649099934,"Boise City, ID",488207.6935840533,85987.0,1175.0,5.677691902078841,True,2024-07-01,Boise
14260.0,"Boise City, ID",2024,4,702.95,711.33,"Boise City, ID",4.48,394399.0,"Boise City, ID",msa,ID,0.0261279773895284,0.0055975332715601,Boise City,"Boise City, ID",845389.0,0.0214058225963909,0.0605662197611123,0.0039222649099934,"Boise City, ID",490940.45239232166,85987.0,1175.0,5.709472971406394,True,2024-10-01,Boise
45294.0,"Tampa, FL (MSAD)",2010,1,177.78,177.52,"Tampa, FL (MSAD)",1.1,,,,,,,,,,,,,"Tampa, FL",141730.7133596684,46475.0,329.0,3.049611906609325,False,2010-01-01,Tampa
45294.0,"Tampa, FL (MSAD)",2010,2,172.86,172.83,"Tampa, FL (MSAD)",1.09,,,,,,,,,,,,,"Tampa, FL",140950.7918509722,46475.0,329.0,3.0328303787191433,False,2010-04-01,Tampa
45294.0,"Tampa, FL (MSAD)",2010,3,171.35,167.42,"Tampa, FL (MSAD)",1.04,,,,,,,,,,,,,"Tampa, FL",138492.1014733925,46475.0,329.0,2.979926874091286,False,2010-07-01,Tampa
45294.0,"Tampa, FL (MSAD)",2010,4,163.11,164.87,"Tampa, FL (MSAD)",0.93,,,,,,,,,,,,,"Tampa, FL",134079.60063277063,46475.0,329.0,2.8849833379832304,False,2010-10-01,Tampa
45294.0,"Tampa, FL (MSAD)",2011,1,150.73,151.02,"Tampa, FL (MSAD)",0.97,,,,,,,,,,,,,"Tampa, FL",129390.28708419064,46890.0,325.0,2.759443102669879,False,2011-01-01,Tampa
45294.0,"Tampa, FL (MSAD)",2011,2,160.84,160.01,"Tampa, FL (MSAD)",1.02,,,,,,,,,,,,,"Tampa, FL",124301.96719283784,46890.0,325.0,2.6509270034727628,False,2011-04-01,Tampa
45294.0,"Tampa, FL (MSAD)",2011,3,161.14,157.71,"Tampa, FL (MSAD)",1.0,,,,,,,,,,,,,"Tampa, FL",120350.31869073553,46890.0,325.0,2.566652136718608,False,2011-07-01,Tampa
45294.0,"Tampa, FL (MSAD)",2011,4,157.98,159.48,"Tampa, FL (MSAD)",0.97,,,,,,,,,,,,,"Tampa, FL",118965.36491864208,46890.0,325.0,2.537115907840522,False,2011-10-01,Tampa
45294.0,"Tampa, FL (MSAD)",2012,1,160.33,161.35,"Tampa, FL (MSAD)",0.93,,,,,,,,,,,,,"Tampa, FL",118562.22877288406,46606.0,380.0,2.543926292170194,False,2012-01-01,Tampa
45294.0,"Tampa, FL (MSAD)",2012,2,169.89,168.13,"Tampa, FL (MSAD)",0.9,,,,,,,,,,,,,"Tampa, FL",119917.57212720584,46606.0,380.0,2.573007169188642,False,2012-04-01,Tampa
45294.0,"Tampa, FL (MSAD)",2012,3,172.31,169.19,"Tampa, FL (MSAD)",0.9,,,,,,,,,,,,,"Tampa, FL",121526.84737577576,46606.0,380.0,2.607536526965965,False,2012-07-01,Tampa
45294.0,"Tampa, FL (MSAD)",2012,4,171.95,173.16,"Tampa, FL (MSAD)",0.88,,,,,,,,,,,,,"Tampa, FL",123759.29039044262,46606.0,380.0,2.6554368620015154,False,2012-10-01,Tampa
45294.0,"Tampa, FL (MSAD)",2013,1,175.3,176.96,"Tampa, FL (MSAD)",0.88,,,,,,,,,,,,,"Tampa, FL",128033.9748957069,46497.0,315.0,2.753596466346364,False,2013-01-01,Tampa
45294.0,"Tampa, FL (MSAD)",2013,2,186.37,183.84,"Tampa, FL (MSAD)",0.9,,,,,,,,,,,,,"Tampa, FL",133039.88014448088,46497.0,315.0,2.8612572885235794,False,2013-04-01,Tampa
45294.0,"Tampa, FL (MSAD)",2013,3,190.39,187.49,"Tampa, FL (MSAD)",0.96,,,,,,,,,,,,,"Tampa, FL",138400.3262358128,46497.0,315.0,2.976543136886526,False,2013-07-01,Tampa
45294.0,"Tampa, FL (MSAD)",2013,4,189.39,190.36,"Tampa, FL (MSAD)",1.08,,,,,,,,,,,,,"Tampa, FL",143209.38421760133,46497.0,315.0,3.0799704113728055,False,2013-10-01,Tampa
45294.0,"Tampa, FL (MSAD)",2014,1,190.09,191.97,"Tampa, FL (MSAD)",1.15,,,,,,,,,,,,,"Tampa, FL",147314.53522364786,46706.0,348.0,3.1540816003007723,False,2014-01-01,Tampa
45294.0,"Tampa, FL (MSAD)",2014,2,195.16,192.43,"Tampa, FL (MSAD)",1.11,,,,,,,,,,,,,"Tampa, FL",150533.84594494192,46706.0,348.0,3.2230087343155467,False,2014-04-01,Tampa
45294.0,"Tampa, FL (MSAD)",2014,3,200.94,198.11,"Tampa, FL (MSAD)",1.13,,,,,,,,,,,,,"Tampa, FL",153126.78933261096,46706.0,348.0,3.2785250146150595,False,2014-07-01,Tampa
45294.0,"Tampa, FL (MSAD)",2014,4,201.07,202.1,"Tampa, FL (MSAD)",1.13,,,,,,,,,,,,,"Tampa, FL",155696.57864818053,46706.0,348.0,3.333545554065442,False,2014-10-01,Tampa
45294.0,"Tampa, FL (MSAD)",2015,1,210.01,211.67,"Tampa, FL (MSAD)",1.15,,,,,,,,,,,,,"Tampa, FL",158901.0817018376,47085.0,364.0,3.374770769923279,False,2015-01-01,Tampa
45294.0,"Tampa, FL (MSAD)",2015,2,212.59,209.77,"Tampa, FL (MSAD)",1.15,,,,,,,,,,,,,"Tampa, FL",161929.65391002366,47085.0,364.0,3.439092150579243,False,2015-04-01,Tampa
45294.0,"Tampa, FL (MSAD)",2015,3,219.06,216.26,"Tampa, FL (MSAD)",1.2,,,,,,,,,,,,,"Tampa, FL",165792.60223843183,47085.0,364.0,3.521134166686457,False,2015-07-01,Tampa
45294.0,"Tampa, FL (MSAD)",2015,4,221.61,222.79,"Tampa, FL (MSAD)",1.24,,,,,,,,,,,,,"Tampa, FL",170764.66776812065,47085.0,364.0,3.626731820497412,False,2015-10-01,Tampa
45294.0,"Tampa, FL (MSAD)",2016,1,224.98,226.25,"Tampa, FL (MSAD)",1.25,,,,,,,,,,,,,"Tampa, FL",175725.84887834243,48521.0,365.0,3.621645243880845,False,2016-01-01,Tampa
45294.0,"Tampa, FL (MSAD)",2016,2,237.56,234.54,"Tampa, FL (MSAD)",1.23,,,,,,,,,,,,,"Tampa, FL",179927.92898596698,48521.0,365.0,3.7082485724937033,False,2016-04-01,Tampa
45294.0,"Tampa, FL (MSAD)",2016,3,243.28,240.46,"Tampa, FL (MSAD)",1.23,,,,,,,,,,,,,"Tampa, FL",183784.9821510983,48521.0,365.0,3.7877410224665256,False,2016-07-01,Tampa
45294.0,"Tampa, FL (MSAD)",2016,4,247.22,248.73,"Tampa, FL (MSAD)",1.26,,,,,,,,,,,,,"Tampa, FL",188868.90788829623,48521.0,365.0,3.8925188658167857,False,2016-10-01,Tampa
45294.0,"Tampa, FL (MSAD)",2017,1,251.31,252.14,"Tampa, FL (MSAD)",1.32,,,,,,,,,,,,,"Tampa, FL",193363.5163350057,50567.0,315.0,3.8239072188384857,False,2017-01-01,Tampa
45294.0,"Tampa, FL (MSAD)",2017,2,259.77,256.5,"Tampa, FL (MSAD)",1.3,,,,,,,,,,,,,"Tampa, FL",197617.4289827358,50567.0,315.0,3.908031502417304,False,2017-04-01,Tampa
45294.0,"Tampa, FL (MSAD)",2017,3,266.81,264.08,"Tampa, FL (MSAD)",1.33,,,,,,,,,,,,,"Tampa, FL",202060.8284329321,50567.0,315.0,3.995903028317521,False,2017-07-01,Tampa
45294.0,"Tampa, FL (MSAD)",2017,4,265.59,267.37,"Tampa, FL (MSAD)",1.38,,,,,,,,,,,,,"Tampa, FL",206873.357666361,50567.0,315.0,4.09107436997174,False,2017-10-01,Tampa
45294.0,"Tampa, FL (MSAD)",2018,1,277.32,277.72,"Tampa, FL (MSAD)",1.41,,,,,,,,,,,,,"Tampa, FL",211374.67115501867,52882.0,303.0,3.997100547540158,False,2018-01-01,Tampa
45294.0,"Tampa, FL (MSAD)",2018,2,286.25,282.69,"Tampa, FL (MSAD)",1.37,,,,,,,,,,,,,"Tampa, FL",215254.1497900887,52882.0,303.0,4.0704615897675716,False,2018-04-01,Tampa
45294.0,"Tampa, FL (MSAD)",2018,3,288.12,285.37,"Tampa, FL (MSAD)",1.37,,,,,,,,,,,,,"Tampa, FL",218936.79506535904,52882.0,303.0,4.1401005080246405,False,2018-07-01,Tampa
45294.0,"Tampa, FL (MSAD)",2018,4,289.79,292.01,"Tampa, FL (MSAD)",1.4,,,,,,,,,,,,,"Tampa, FL",222349.9706142013,52882.0,303.0,4.204643746722917,False,2018-10-01,Tampa
45294.0,"Tampa, FL (MSAD)",2019,1,298.36,298.27,"Tampa, FL (MSAD)",1.47,,,,,,,,,,,,,"Tampa, FL",225804.212008046,55285.0,427.0,4.084366681885611,False,2019-01-01,Tampa
45294.0,"Tampa, FL (MSAD)",2019,2,309.16,305.46,"Tampa, FL (MSAD)",1.4,,,,,,,,,,,,,"Tampa, FL",228072.50229268585,55285.0,427.0,4.125395718417035,False,2019-04-01,Tampa
45294.0,"Tampa, FL (MSAD)",2019,3,312.89,309.95,"Tampa, FL (MSAD)",1.4,,,,,,,,,,,,,"Tampa, FL",230505.28194318243,55285.0,427.0,4.169400053236545,False,2019-07-01,Tampa
45294.0,"Tampa, FL (MSAD)",2019,4,312.28,314.87,"Tampa, FL (MSAD)",1.41,,,,,,,,,,,,,"Tampa, FL",233729.8515649424,55285.0,427.0,4.227726355520348,False,2019-10-01,Tampa
45294.0,"Tampa, FL (MSAD)",2020,1,322.56,322.14,"Tampa, FL (MSAD)",1.44,,,,,,,,,,,,,"Tampa, FL",239579.65812020143,57097.0,479.0,4.196011316184763,False,2020-01-01,Tampa
45294.0,"Tampa, FL (MSAD)",2020,2,332.26,328.51,"Tampa, FL (MSAD)",1.41,,,,,,,,,,,,,"Tampa, FL",243173.31433572105,57097.0,479.0,4.258950808899259,False,2020-04-01,Tampa
45294.0,"Tampa, FL (MSAD)",2020,3,345.56,342.17,"Tampa, FL (MSAD)",1.44,,,,,,,,,,,,,"Tampa, FL",246707.85819353312,57097.0,479.0,4.320855004527964,False,2020-07-01,Tampa
45294.0,"Tampa, FL (MSAD)",2020,4,361.73,364.7,"Tampa, FL (MSAD)",1.48,,,,,,,,,,,,,"Tampa, FL",256060.76582186949,57097.0,479.0,4.484662343413305,False,2020-10-01,Tampa
45294.0,"Tampa, FL (MSAD)",2021,1,375.03,374.69,"Tampa, FL (MSAD)",1.54,,,,,,,,,,,,,"Tampa, FL",268473.753206242,61121.0,482.0,4.392496084917491,False,2021-01-01,Tampa
45294.0,"Tampa, FL (MSAD)",2021,2,403.26,398.76,"Tampa, FL (MSAD)",1.67,,,,,,,,,,,,,"Tampa, FL",284368.08771513717,61121.0,482.0,4.652543114725498,False,2021-04-01,Tampa
45294.0,"Tampa, FL (MSAD)",2021,3,429.73,425.42,"Tampa, FL (MSAD)",1.8,,,,,,,,,,,,,"Tampa, FL",303256.2325557143,61121.0,482.0,4.961571842013617,False,2021-07-01,Tampa
45294.0,"Tampa, FL (MSAD)",2021,4,453.58,456.92,"Tampa, FL (MSAD)",1.94,,,,,,,,,,,,,"Tampa, FL",318662.60181656625,61121.0,482.0,5.213635277835216,True,2021-10-01,Tampa
45294.0,"Tampa, FL (MSAD)",2022,1,490.59,490.77,"Tampa, FL (MSAD)",2.13,,,,,,,,,,,,,"Tampa, FL",340136.8423448003,67197.0,521.0,5.061786126535416,True,2022-01-01,Tampa
45294.0,"Tampa, FL (MSAD)",2022,2,518.96,513.0,"Tampa, FL (MSAD)",2.6,,,,,,,,,,,,,"Tampa, FL",369972.9877836658,67197.0,521.0,5.505796207920976,True,2022-04-01,Tampa
45294.0,"Tampa, FL (MSAD)",2022,3,529.26,523.91,"Tampa, FL (MSAD)",2.93,,,,,,,,,,,,,"Tampa, FL",387807.326695719,67197.0,521.0,5.771200004400776,True,2022-07-01,Tampa
45294.0,"Tampa, FL (MSAD)",2022,4,517.85,521.18,"Tampa, FL (MSAD)",3.28,,,,,,,,,,,,,"Tampa, FL",384717.8178414451,67197.0,521.0,5.725223117720212,True,2022-10-01,Tampa
45294.0,"Tampa, FL (MSAD)",2023,1,525.04,526.1,"Tampa, FL (MSAD)",3.43,,,,,,,,,,,,,"Tampa, FL",377538.56281328894,71254.0,519.0,5.298489387448971,True,2023-01-01,Tampa
45294.0,"Tampa, FL (MSAD)",2023,2,536.91,530.13,"Tampa, FL (MSAD)",3.3,,,,,,,,,,,,,"Tampa, FL",376997.6276200665,71254.0,519.0,5.290897740759347,True,2023-04-01,Tampa
45294.0,"Tampa, FL (MSAD)",2023,3,552.73,547.52,"Tampa, FL (MSAD)",3.34,,,,,,,,,,,,,"Tampa, FL",381690.7943915021,71254.0,519.0,5.356763050376148,True,2023-07-01,Tampa
45294.0,"Tampa, FL (MSAD)",2023,4,554.45,557.4,"Tampa, FL (MSAD)",3.53,,,,,,,,,,,,,"Tampa, FL",385075.3541082362,71254.0,519.0,5.404262976229211,True,2023-10-01,Tampa
45294.0,"Tampa, FL (MSAD)",2024,1,550.93,552.83,"Tampa, FL (MSAD)",3.81,,,,,,,,,,,,,"Tampa, FL",387635.43613051635,74392.0,621.0,5.210714003259979,True,2024-01-01,Tampa
45294.0,"Tampa, FL (MSAD)",2024,2,565.31,557.56,"Tampa, FL (MSAD)",3.4,,,,,,,,,,,,,"Tampa, FL",389155.2525008719,74392.0,621.0,5.231143839403053,True,2024-04-01,Tampa
45294.0,"Tampa, FL (MSAD)",2024,3,555.82,551.16,"Tampa, FL (MSAD)",3.64,,,,,,,,,,,,,"Tampa, FL",386180.5875532402,74392.0,621.0,5.191157484047212,True,2024-07-01,Tampa
45294.0,"Tampa, FL (MSAD)",2024,4,546.3,548.46,"Tampa, FL (MSAD)",3.88,,,,,,,,,,,,,"Tampa, FL",381938.98508868384,74392.0,621.0,5.134140567382028,True,2024-10-01,Tampa
