cbsa,metro_name_x,year,qtr,index_nsa,index_sa,metro_name_y,hpi_at_sa,RegionID,RegionName_x,RegionType,StateName,zhvi_yoy,zhvi_qoq,name_short,metro_name,population,pop_yoy_growth,pop_velocity_3yr,pop_accleration,RegionName_y,zhvi_qtr,median_income,income_moe,price_to_income_ratio,affordability_burden,hpi_3yr_chg,is_unaffordable,collapse_onset,price_to_income_lag,price_to_income_5yr_chg,zhvi_yoy_lag,affordability_momentum,pop_velocity_lag,pop_acceleration_lag,hpi_yoy,hpi_yoy_lag,price_to_income_ratio_full,zhvi_qoq_lag,zhvi_yoy_fixed,zhvi_qoq_fixed,pop_yoy_fixed,pop_velocity_fixed,pop_acceleration_fixed,metro_prefix,metro_clean,state_x,state_list,cum_onset
12420.0,"Austin-Round Rock-San Marcos, TX",2016.0,1.0,380.84,383.16,"Austin-Round Rock-San Marcos, TX",1.36,,,,,,,,"Austin-Round Rock-Georgetown, TX",2062016.0,0.0299090870041665,0.0948864103986853,-0.000808037147749685,"Austin, TX",284443.28971367714,66093.0,508.0,4.3036825339094475,False,34.68311715701782,False,False,4.119677053832478,0.5399664993397999,0.11290642214574098,0.009389164982654744,-0.0006913231869516423,-0.0006913231869516423,0.09687392648574389,0.0915567777013937,4.3036825339094475,0.028211442951041166,0.08840338479118892,0.02108051509500042,0.0299090870041665,-0.000808037147749685,-0.000808037147749685,austin,austin-round rock-san marcos,TX,['TX'],0
12420.0,"Austin-Round Rock-San Marcos, TX",2016.0,2.0,394.65,388.07,"Austin-Round Rock-San Marcos, TX",1.34,,,,,,,,"Austin-Round Rock-Georgetown, TX",2062016.0,0.0299090870041665,0.0948864103986853,-0.000808037147749685,"Austin, TX",289318.315012494,66093.0,508.0,4.3774426189232445,False,31.07815983246638,False,False,4.222757246839238,0.635611147890073,0.10887804041161253,0.007038461270088802,0.0,0.0006913231869516423,0.07857142857142851,0.1088169126937657,4.3774426189232445,0.025021425626279292,0.08003337113255027,0.01713883039295494,0.0299090870041665,0.0,0.000808037147749685,austin,austin-round rock-san marcos,TX,['TX'],0
12420.0,"Austin-Round Rock-San Marcos, TX",2016.0,3.0,400.99,397.92,"Austin-Round Rock-San Marcos, TX",1.34,,,,,,,,"Austin-Round Rock-Georgetown, TX",2062016.0,0.0299090870041665,0.0948864103986853,-0.000808037147749685,"Austin, TX",293020.7896889005,66093.0,508.0,4.433461783984696,False,31.691818903891967,False,False,4.307837129656687,0.738959634469837,0.09970936776047368,0.004411151490370135,0.0,0.0,0.09258649093904459,0.09205397301349327,4.433461783984696,0.020147945487781094,0.07225115495321788,0.012797235723727596,0.0299090870041665,0.0,0.0,austin,austin-round rock-san marcos,TX,['TX'],0
12420.0,"Austin-Round Rock-San Marcos, TX",2016.0,4.0,397.97,404.27,"Austin-Round Rock-San Marcos, TX",1.37,,,,,,,,"Austin-Round Rock-Georgetown, TX",2062016.0,0.0299090870041665,0.0948864103986853,-0.000808037147749685,"Austin, TX",296198.079873781,66093.0,508.0,4.481534805104641,False,31.68403908794788,False,False,4.391299592295803,0.8814156589105284,0.09600447589074279,0.0020123035296519863,0.0,0.0,0.0876829530779164,0.09269439952961944,4.481534805104641,0.01937456318033237,0.06327728199217142,0.010843224428730203,0.0299090870041665,0.0,0.0,austin,austin-round rock-san marcos,TX,['TX'],0
12420.0,"Austin-Round Rock-San Marcos, TX",2017.0,1.0,403.76,405.37,"Austin-Round Rock-San Marcos, TX",1.48,,,,,,,,"Austin-Round Rock-Georgetown, TX",2115475.0,0.0259255990254197,0.0890661205570031,-0.0039834879787468,"Austin, TX",301294.7648184207,69717.0,545.0,4.321682872447476,False,26.67020811199301,False,False,4.3036825339094475,0.9551065057263424,0.08840338479118892,-0.00011408642186395081,-0.000808037147749685,-0.000808037147749685,0.05796534084977556,0.09687392648574389,4.321682872447476,0.02108051509500042,0.05924370767089071,0.017207015476979226,0.025925599025419688,-0.003983487978746814,-0.003983487978746814,austin,austin-round rock-san marcos,TX,['TX'],0
12420.0,"Austin-Round Rock-San Marcos, TX",2017.0,2.0,420.77,414.19,"Austin-Round Rock-San Marcos, TX",1.47,,,,,,,,"Austin-Round Rock-Georgetown, TX",2115475.0,0.0259255990254197,0.0890661205570031,-0.0039834879787468,"Austin, TX",304927.0063814552,69717.0,545.0,4.37378266967103,False,27.643378840642228,False,False,4.3774426189232445,1.0429093721806697,0.08003337113255027,-0.0019114718557698767,0.0,0.000808037147749685,0.0673074445332027,0.07857142857142851,4.37378266967103,0.01713883039295494,0.05394989034236275,0.01205544200286246,0.025925599025419688,0.0,0.003983487978746814,austin,austin-round rock-san marcos,TX,['TX'],0
12420.0,"Austin-Round Rock-San Marcos, TX",2017.0,3.0,421.79,419.01,"Austin-Round Rock-San Marcos, TX",1.5,,,,,,,,"Austin-Round Rock-Georgetown, TX",2115475.0,0.0259255990254197,0.0890661205570031,-0.0039834879787468,"Austin, TX",306276.5763379224,69717.0,545.0,4.393140501426085,False,25.64017991004497,False,False,4.433461783984696,1.1042402153580873,0.07225115495321788,-0.003293138000652206,0.0,0.0,0.05300060313630883,0.09258649093904459,4.393140501426085,0.012797235723727596,0.04523838278879655,0.004425878745482281,0.025925599025419688,0.0,0.0,austin,austin-round rock-san marcos,TX,['TX'],0
12420.0,"Austin-Round Rock-San Marcos, TX",2017.0,4.0,421.56,428.26,"Austin-Round Rock-San Marcos, TX",1.51,,,,,,,,"Austin-Round Rock-Georgetown, TX",2115475.0,0.0259255990254197,0.0890661205570031,-0.0039834879787468,"Austin, TX",308834.19235318364,69717.0,545.0,4.429826188062935,False,25.90327796560341,False,False,4.481534805104641,1.1535583243675704,0.06327728199217142,-0.004497646325296912,0.0,0.0,0.05934152917604574,0.0876829530779164,4.429826188062935,0.010843224428730203,0.0426610209113687,0.008350674562978444,0.025925599025419688,0.0,0.0,austin,austin-round rock-san marcos,TX,['TX'],0
12420.0,"Austin-Round Rock-San Marcos, TX",2018.0,1.0,429.43,430.7,"Austin-Round Rock-San Marcos, TX",1.56,,,,,,,,"Austin-Round Rock-Georgetown, TX",2165497.0,0.0236457533178127,0.081594438733871,-0.0022798457076069,"Austin, TX",312073.53523600457,73213.0,538.0,4.262542652752988,False,23.296690713386003,False,False,4.321682872447476,0.9953817811432208,0.05924370767089071,-0.0053702368148028255,-0.003983487978746814,-0.003983487978746814,0.06248612378814422,0.05796534084977556,4.262542652752988,0.017207015476979226,0.03577483473395171,0.010488938605335507,0.023645753317812712,-0.0022798457076069756,-0.0022798457076069756,austin,austin-round rock-san marcos,TX,['TX'],0
12420.0,"Austin-Round Rock-San Marcos, TX",2018.0,2.0,443.07,435.6,"Austin-Round Rock-San Marcos, TX",1.51,,,,,,,,"Austin-Round Rock-Georgetown, TX",2165497.0,0.0236457533178127,0.081594438733871,-0.0022798457076069,"Austin, TX",314719.8779736604,73213.0,538.0,4.298688456608258,False,21.06725958866036,False,False,4.37378266967103,1.0176257596519553,0.05394989034236275,-0.005944030307041632,0.0,0.003983487978746814,0.051691252806683075,0.0673074445332027,4.298688456608258,0.01205544200286246,0.03211546169168944,0.008479869129737638,0.023645753317812712,0.0,0.0022798457076069756,austin,austin-round rock-san marcos,TX,['TX'],0
12420.0,"Austin-Round Rock-San Marcos, TX",2018.0,3.0,450.62,448.43,"Austin-Round Rock-San Marcos, TX",1.57,,,,,,,,"Austin-Round Rock-Georgetown, TX",2165497.0,0.0236457533178127,0.081594438733871,-0.0022798457076069,"Austin, TX",317181.3600814441,73213.0,538.0,4.332309290446288,False,23.127402526084584,False,False,4.393140501426085,0.9859507044796119,0.04523838278879655,-0.006473258078953999,0.0,0.0,0.07021312140521707,0.05300060313630883,4.332309290446288,0.004425878745482281,0.03560436737901296,0.007821184107060564,0.023645753317812712,0.0,0.0,austin,austin-round rock-san marcos,TX,['TX'],0
12420.0,"Austin-Round Rock-San Marcos, TX",2018.0,4.0,443.45,451.16,"Austin-Round Rock-San Marcos, TX",1.58,,,,,,,,"Austin-Round Rock-Georgetown, TX",2165497.0,0.0236457533178127,0.081594438733871,-0.0022798457076069,"Austin, TX",319438.1248614048,73213.0,538.0,4.363133936068797,False,21.383986224709428,False,False,4.429826188062935,0.9593727627673112,0.0426610209113687,-0.006757821817433076,0.0,0.0,0.05347218979124846,0.05934152917604574,4.363133936068797,0.008350674562978444,0.034335357841771996,0.007115061173144754,0.023645753317812712,0.0,0.0,austin,austin-round rock-san marcos,TX,['TX'],0
12420.0,"Austin-Round Rock-San Marcos, TX",2019.0,1.0,460.44,461.1,"Austin-Round Rock-San Marcos, TX",1.63,,,,,,,,"Austin-Round Rock-Georgetown, TX",2227083.0,0.0284396607337716,0.0800512702132281,0.0047939074159588,"Austin, TX",321441.88312302274,76844.0,621.0,4.183044650500009,False,20.341371750704674,False,False,4.262542652752988,0.785907304062214,0.03577483473395171,-0.006701200599300674,-0.0022798457076069756,-0.0022798457076069756,0.07058277223125153,0.06248612378814422,4.183044650500009,0.010488938605335507,0.030019680713820884,0.006272758652359656,0.028439660733771577,0.004793907415958865,0.004793907415958865,austin,austin-round rock-san marcos,TX,['TX'],0
12420.0,"Austin-Round Rock-San Marcos, TX",2019.0,2.0,473.83,464.9,"Austin-Round Rock-San Marcos, TX",1.57,,,,,,,,"Austin-Round Rock-Georgetown, TX",2227083.0,0.0284396607337716,0.0800512702132281,0.0047939074159588,"Austin, TX",322971.64687432477,76844.0,621.0,4.202952044067524,False,19.797974592212732,False,False,4.298688456608258,0.7323506689767068,0.03211546169168944,-0.006429051028668186,0.0,0.0022798457076069756,0.0672635445362717,0.051691252806683075,4.202952044067524,0.008479869129737638,0.026219408045636605,0.00475906791124836,0.028439660733771577,0.0,-0.004793907415958865,austin,austin-round rock-san marcos,TX,['TX'],0
12420.0,"Austin-Round Rock-San Marcos, TX",2019.0,3.0,475.72,473.96,"Austin-Round Rock-San Marcos, TX",1.56,,,,,,,,"Austin-Round Rock-Georgetown, TX",2227083.0,0.0284396607337716,0.0800512702132281,0.0047939074159588,"Austin, TX",325435.04213345575,76844.0,621.0,4.235009137127892,False,19.10936871733011,False,False,4.332309290446288,0.6610825171291799,0.03560436737901296,-0.005902669375743396,0.0,0.0,0.05693196262515876,0.07021312140521707,4.235009137127892,0.007821184107060564,0.026021964373607265,0.007627280236427447,0.028439660733771577,0.0,0.0,austin,austin-round rock-san marcos,TX,['TX'],0
12420.0,"Austin-Round Rock-San Marcos, TX",2019.0,4.0,485.99,495.88,"Austin-Round Rock-San Marcos, TX",1.59,,,,,,,,"Austin-Round Rock-Georgetown, TX",2227083.0,0.0284396607337716,0.0800512702132281,0.0047939074159588,"Austin, TX",330525.4447557237,76844.0,621.0,4.301252469362913,False,22.66059811512109,False,False,4.363133936068797,0.5985813604451602,0.034335357841771996,-0.005145213241885841,0.0,0.0,0.09912226261193369,0.05347218979124846,4.301252469362913,0.007115061173144754,0.03470881848911844,0.015641839271200775,0.028439660733771577,0.0,0.0,austin,austin-round rock-san marcos,TX,['TX'],0
12420.0,"Austin-Round Rock-San Marcos, TX",2020.0,1.0,500.93,501.21,"Austin-Round Rock-San Marcos, TX",1.61,,,,,,,,"Austin-Round Rock-San Marcos, TX",2300172.0,0.0328182649681219,0.0873075786761839,0.0043786042343503,"Austin, TX",338346.29317403265,80852.0,688.0,4.184760960446651,False,23.642598120235835,False,False,4.183044650500009,0.389401194228828,0.030019680713820884,-0.0044679962569923485,0.004793907415958865,0.004793907415958865,0.08698763825634348,0.07058277223125153,4.184760960446651,0.006272758652359656,0.05258931999393557,0.023661864895421214,0.0328182649681219,0.004378604234350325,0.004378604234350325,austin,austin-round rock-san marcos,TX,['TX'],0
12420.0,"Austin-Round Rock-San Marcos, TX",2020.0,2.0,515.65,504.06,"Austin-Round Rock-San Marcos, TX",1.58,,,,,,,,"Austin-Round Rock-San Marcos, TX",2300172.0,0.0328182649681219,0.0873075786761839,0.0043786042343503,"Austin, TX",344671.94920020824,80852.0,688.0,4.262998431704945,False,21.697771554117672,False,False,4.202952044067524,0.30025966438139884,0.026219408045636605,-0.0039091211209016305,0.0,-0.004793907415958865,0.08423316842331685,0.0672635445362717,4.262998431704945,0.00475906791124836,0.06718949646477035,0.01869580413260774,0.0328182649681219,0.0,-0.004378604234350325,austin,austin-round rock-san marcos,TX,['TX'],0
12420.0,"Austin-Round Rock-San Marcos, TX",2020.0,3.0,530.95,529.75,"Austin-Round Rock-San Marcos, TX",1.61,,,,,,,,"Austin-Round Rock-San Marcos, TX",2300172.0,0.0328182649681219,0.0873075786761839,0.0043786042343503,"Austin, TX",350606.1480637049,80852.0,688.0,4.336394252012379,False,26.428963509224126,False,False,4.235009137127892,0.22049179676278552,0.026021964373607265,-0.0033352556510690117,0.0,0.0,0.11771035530424512,0.05693196262515876,4.336394252012379,0.007627280236427447,0.07734602200560459,0.017216947527255,0.0328182649681219,0.0,0.0,austin,austin-round rock-san marcos,TX,['TX'],0
12420.0,"Austin-Round Rock-San Marcos, TX",2020.0,4.0,551.73,565.03,"Austin-Round Rock-San Marcos, TX",1.68,,,,,,,,"Austin-Round Rock-San Marcos, TX",2300172.0,0.0328182649681219,0.0873075786761839,0.0043786042343503,"Austin, TX",367314.50914771314,80852.0,688.0,4.543047904167035,False,31.936206977070004,False,False,4.301252469362913,0.19512216439567442,0.03470881848911844,-0.002511902670969819,0.0,0.0,0.1394490602565137,0.09912226261193369,4.543047904167035,0.015641839271200775,0.11130478750033457,0.04765564202534267,0.0328182649681219,0.0,0.0,austin,austin-round rock-san marcos,TX,['TX'],0
12420.0,"Austin-Round Rock-San Marcos, TX",2021.0,1.0,610.33,609.52,"Austin-Round Rock-San Marcos, TX",1.77,,,,,,,,"Austin-Round Rock-San Marcos, TX",2359313.0,0.0257115554836769,0.089501855694097,-0.007106709484445,"Austin, TX",392175.3973355509,85398.0,783.0,4.592325315997458,False,41.51845832365917,False,False,4.184760960446651,0.06508390661417263,0.05258931999393557,-0.0009844029168061313,0.004378604234350325,0.004378604234350325,0.21609704515073513,0.08698763825634348,4.592325315997458,0.023661864895421214,0.15909470636295864,0.06768283737422465,0.025711555483676873,-0.0071067094844450285,-0.0071067094844450285,austin,austin-round rock-san marcos,TX,['TX'],0
12420.0,"Austin-Round Rock-San Marcos, TX",2021.0,2.0,687.19,670.2,"Austin-Round Rock-San Marcos, TX",2.05,,,,,,,,"Austin-Round Rock-San Marcos, TX",2359313.0,0.0257115554836769,0.089501855694097,-0.007106709484445,"Austin, TX",443623.887361965,85398.0,783.0,5.194780760228167,True,53.85674931129476,True,True,4.262998431704945,0.0402411848657076,0.06718949646477035,0.0009105482054073062,0.0,-0.004378604234350325,0.3296036186168314,0.08423316842331685,5.194780760228167,0.01869580413260774,0.28709019806041414,0.13118744922796366,0.025711555483676873,0.0,0.0071067094844450285,austin,austin-round rock-san marcos,TX,['TX'],1
12420.0,"Austin-Round Rock-San Marcos, TX",2021.0,3.0,704.43,703.2,"Austin-Round Rock-San Marcos, TX",2.29,,,,,,,,"Austin-Round Rock-San Marcos, TX",2359313.0,0.0257115554836769,0.089501855694097,-0.007106709484445,"Austin, TX",489245.1708510997,85398.0,783.0,5.729000337842804,True,56.81377249514976,True,True,4.336394252012379,0.028557122355691966,0.07734602200560459,0.0027075726510752953,0.0,0.0,0.3274185936762626,0.11771035530424512,5.729000337842804,0.017216947527255,0.395426673357149,0.10283775240423654,0.025711555483676873,0.0,0.0,austin,austin-round rock-san marcos,TX,['TX'],2
12420.0,"Austin-Round Rock-San Marcos, TX",2021.0,4.0,714.23,733.96,"Austin-Round Rock-San Marcos, TX",2.4,,,,,,,,"Austin-Round Rock-San Marcos, TX",2359313.0,0.0257115554836769,0.089501855694097,-0.007106709484445,"Austin, TX",501551.247136966,85398.0,783.0,5.873102966544486,True,62.68286195584716,True,True,4.543047904167035,0.1517483118712324,0.11130478750033457,0.005469021703742762,0.0,0.0,0.29897527564908066,0.1394490602565137,5.873102966544486,0.04765564202534267,0.36545449375448014,0.025153189073810145,0.025711555483676873,0.0,0.0,austin,austin-round rock-san marcos,TX,['TX'],3
12420.0,"Austin-Round Rock-San Marcos, TX",2022.0,1.0,776.65,774.19,"Austin-Round Rock-San Marcos, TX",2.69,,,,,,,,"Austin-Round Rock-San Marcos, TX",2434592.0,0.031907169587079,0.0931752431319353,0.006195614103402,"Austin, TX",529045.2845748127,92939.0,756.0,5.692392693861702,True,67.90067230535676,True,True,4.592325315997458,0.28864278208801064,0.15909470636295864,0.009275509756426008,-0.0071067094844450285,-0.0071067094844450285,0.2701634072712955,0.21609704515073513,5.692392693861702,0.06768283737422465,0.3490017175201685,0.05481800233733347,0.031907169587078954,0.006195614103402081,0.006195614103402081,austin,austin-round rock-san marcos,TX,['TX'],4
12420.0,"Austin-Round Rock-San Marcos, TX",2022.0,2.0,828.34,806.66,"Austin-Round Rock-San Marcos, TX",3.25,,,,,,,,"Austin-Round Rock-San Marcos, TX",2434592.0,0.031907169587079,0.0931752431319353,0.006195614103402,"Austin, TX",569747.1405265145,92939.0,756.0,6.130334310962185,True,73.51258335125834,True,True,5.194780760228167,0.8173381413049228,0.28709019806041414,0.016976189472971446,0.0,0.0071067094844450285,0.20361086242912552,0.3296036186168314,6.130334310962185,0.13118744922796366,0.28430221355876184,0.0769345406497921,0.031907169587078954,0.0,-0.006195614103402081,austin,austin-round rock-san marcos,TX,['TX'],5
12420.0,"Austin-Round Rock-San Marcos, TX",2022.0,3.0,761.57,760.75,"Austin-Round Rock-San Marcos, TX",3.56,,,,,,,,"Austin-Round Rock-San Marcos, TX",2434592.0,0.031907169587079,0.0931752431319353,0.006195614103402,"Austin, TX",568832.9808529924,92939.0,756.0,6.120498185401095,True,60.50932568149212,True,True,5.729000337842804,1.2955385538581075,0.395426673357149,0.02721920320861422,0.0,0.0,0.0818401592718998,0.3274185936762626,6.120498185401095,0.10283775240423654,0.16267469715325,-0.0016045006784541904,0.031907169587078954,0.0,0.0,austin,austin-round rock-san marcos,TX,['TX'],6
12420.0,"Austin-Round Rock-San Marcos, TX",2022.0,4.0,716.71,738.31,"Austin-Round Rock-San Marcos, TX",3.81,,,,,,,,"Austin-Round Rock-San Marcos, TX",2434592.0,0.031907169587079,0.0931752431319353,0.006195614103402,"Austin, TX",537398.7645773625,92939.0,756.0,5.782274013894732,True,48.88884407517946,True,True,5.873102966544486,1.391568161439845,0.36545449375448014,0.03373551865205504,0.0,0.0,0.005926753501553028,0.29897527564908066,5.782274013894732,0.025153189073810145,0.07147328940966036,-0.05526088910754223,0.031907169587078954,0.0,0.0,austin,austin-round rock-san marcos,TX,['TX'],7
12420.0,"Austin-Round Rock-San Marcos, TX",2023.0,1.0,713.31,709.11,"Austin-Round Rock-San Marcos, TX",3.88,,,,,,,,"Austin-Round Rock-San Marcos, TX",2498809.0,0.0263769042205018,0.0863574550077124,-0.0055302653665771,"Austin, TX",512870.5761534173,97638.0,1163.0,5.2527763386531605,True,41.4796193212426,True,True,5.692392693861702,1.3707098214142261,0.3490017175201685,0.037107349434425195,0.006195614103402081,0.006195614103402081,-0.08406205195107153,0.2701634072712955,5.2527763386531605,0.05481800233733347,-0.03057339115005031,-0.04564243545151314,0.026376904220501762,-0.005530265366577192,-0.005530265366577192,austin,austin-round rock-san marcos,TX,['TX'],8
12420.0,"Austin-Round Rock-San Marcos, TX",2023.0,2.0,732.97,714.22,"Austin-Round Rock-San Marcos, TX",3.53,,,,,,,,"Austin-Round Rock-San Marcos, TX",2498809.0,0.0263769042205018,0.0863574550077124,-0.0055302653665771,"Austin, TX",499786.26178816624,97638.0,1163.0,5.118767916058975,True,41.69344919255644,True,True,6.130334310962185,1.7565516412911553,0.28430221355876184,0.0355873544759752,0.0,-0.006195614103402081,-0.11459598839659824,0.20361086242912552,5.118767916058975,0.0769345406497921,-0.12279285627251424,-0.025511922449099722,0.026376904220501762,0.0,0.005530265366577192,austin,austin-round rock-san marcos,TX,['TX'],9
12420.0,"Austin-Round Rock-San Marcos, TX",2023.0,3.0,720.52,720.08,"Austin-Round Rock-San Marcos, TX",3.62,,,,,,,,"Austin-Round Rock-San Marcos, TX",2498809.0,0.0263769042205018,0.0863574550077124,-0.0055302653665771,"Austin, TX",495550.0324659725,97638.0,1163.0,5.075380819619128,True,35.928268050967446,True,True,6.120498185401095,1.7273576839750096,0.16267469715325,0.02757562854122009,0.0,0.0,-0.05346040092014459,0.0818401592718998,5.075380819619128,-0.0016045006784541904,-0.1288303436223558,-0.008476081969594595,0.026376904220501762,0.0,0.0,austin,austin-round rock-san marcos,TX,['TX'],10
12420.0,"Austin-Round Rock-San Marcos, TX",2023.0,4.0,691.58,712.99,"Austin-Round Rock-San Marcos, TX",3.53,,,,,,,,"Austin-Round Rock-San Marcos, TX",2498809.0,0.0263769042205018,0.0863574550077124,-0.0055302653665771,"Austin, TX",487607.7319732919,97638.0,1163.0,4.99403646094033,False,26.18622020069732,False,False,5.782274013894732,1.3524478258317965,0.07147328940966036,0.01549539964409741,0.0,0.0,-0.03429453752488787,0.005926753501553028,4.99403646094033,-0.05526088910754223,-0.0926519297885412,-0.01602724240205944,0.026376904220501762,0.0,0.0,austin,austin-round rock-san marcos,TX,['TX'],10
12420.0,"Austin-Round Rock-San Marcos, TX",2024.0,1.0,727.57,721.69,"Austin-Round Rock-San Marcos, TX",3.9,,,,,,,,"Austin-Round Rock-San Marcos, TX",2567149.0,0.0273490290774525,0.088091745351295,0.000972124856950751,"Austin, TX",480574.5709139137,100431.0,996.0,4.785121834034449,False,18.403005643785274,False,False,5.2527763386531605,0.9902336859001721,-0.03057339115005031,4.595428391432692e-05,-0.005530265366577192,-0.005530265366577192,0.01774054801088698,-0.08406205195107153,4.785121834034449,-0.04564243545151314,-0.06297106276153908,-0.01442380954648892,0.027349029077452514,0.0009721248569507512,0.0009721248569507512,austin,austin-round rock-san marcos,TX,['TX'],10
12420.0,"Austin-Round Rock-San Marcos, TX",2024.0,2.0,718.98,701.58,"Austin-Round Rock-San Marcos, TX",3.49,,,,,,,,"Austin-Round Rock-San Marcos, TX",2567149.0,0.0273490290774525,0.088091745351295,0.000972124856950751,"Austin, TX",478410.7255315536,100431.0,996.0,4.76357624171375,False,4.682184422560431,False,False,5.118767916058975,0.8200794594507173,-0.12279285627251424,-0.01770519177535366,0.0,0.005530265366577192,-0.017697628181792657,-0.11459598839659824,4.76357624171375,-0.025511922449099722,-0.042769355404316034,-0.004502621472969537,0.027349029077452514,0.0,-0.0009721248569507512,austin,austin-round rock-san marcos,TX,['TX'],10
12420.0,"Austin-Round Rock-San Marcos, TX",2024.0,3.0,707.74,707.74,"Austin-Round Rock-San Marcos, TX",3.49,,,,,,,,"Austin-Round Rock-San Marcos, TX",2567149.0,0.0273490290774525,0.088091745351295,0.000972124856950751,"Austin, TX",472902.4380260629,100431.0,996.0,4.708729755016508,False,0.6456200227531239,False,False,5.075380819619128,0.7430715291728403,-0.1288303436223558,-0.033898340713442776,0.0,0.0,-0.01713698477946901,-0.05346040092014459,4.708729755016508,-0.008476081969594595,-0.0457019331170454,-0.011513720766545443,0.027349029077452514,0.0,0.0,austin,austin-round rock-san marcos,TX,['TX'],10
12420.0,"Austin-Round Rock-San Marcos, TX",2024.0,4.0,684.37,705.32,"Austin-Round Rock-San Marcos, TX",3.63,,,,,,,,"Austin-Round Rock-San Marcos, TX",2567149.0,0.0273490290774525,0.088091745351295,0.000972124856950751,"Austin, TX",469666.5243580485,100431.0,996.0,4.676509487688548,False,-3.9021200065398665,False,False,4.99403646094033,0.6309025248715328,-0.0926519297885412,-0.045714639179995645,0.0,0.0,-0.010757514130632861,-0.03429453752488787,4.676509487688548,-0.01602724240205944,-0.036794346026133296,-0.006842666494851213,0.027349029077452514,0.0,0.0,austin,austin-round rock-san marcos,TX,['TX'],10
12420.0,"Austin-Round Rock-San Marcos, TX",2025.0,1.0,711.57,704.34,"Austin-Round Rock-San Marcos, TX",4.0,,,,,,,,"Austin-Round Rock-San Marcos, TX",2620945.0,0.020955542510388,0.0765438315742433,-0.0063934865670645,"Austin, TX",463575.352987668,,,,False,-9.022333019026341,False,False,4.785121834034449,0.6020771835344396,-0.06297106276153908,-0.0527908260483356,0.0009721248569507512,0.0009721248569507512,-0.024040793138328076,0.01774054801088698,,-0.01442380954648892,-0.03537269542564048,-0.012969140985098049,0.020955542510388003,-0.00639348656706451,-0.00639348656706451,austin,austin-round rock-san marcos,TX,['TX'],10
12420.0,"Austin-Round Rock-San Marcos, TX",2025.0,2.0,702.29,686.73,"Austin-Round Rock-San Marcos, TX",3.74,,,,,,,,"Austin-Round Rock-San Marcos, TX",2620945.0,0.020955542510388,0.0765438315742433,-0.0063934865670645,"Austin, TX",454448.4889491331,,,,False,-14.867478243621846,False,False,4.76357624171375,0.5606241976462263,-0.042769355404316034,-0.051719139800433016,0.0,-0.0009721248569507512,-0.02116650987770463,-0.017697628181792657,,-0.004502621472969537,-0.050087164236956694,-0.01968798379748571,0.020955542510388003,0.0,0.00639348656706451,austin,austin-round rock-san marcos,TX,['TX'],10
12420.0,"Austin-Round Rock-San Marcos, TX",2025.0,3.0,680.56,680.8,"Austin-Round Rock-San Marcos, TX",3.78,,,,,,,,"Austin-Round Rock-San Marcos, TX",2620945.0,0.020955542510388,0.0765438315742433,-0.0063934865670645,"Austin, TX",445293.13342142984,,,,False,-10.509365757476186,False,False,4.708729755016508,0.47372061788861597,-0.0457019331170454,-0.04352914959817032,0.0,0.0,-0.038064826066069535,-0.01713698477946901,,-0.011513720766545443,-0.05838266497393585,-0.02014607980956018,0.020955542510388003,0.0,0.0,austin,austin-round rock-san marcos,TX,['TX'],10
12420.0,"Austin-Round Rock-San Marcos, TX",2025.0,4.0,668.62,688.52,"Austin-Round Rock-San Marcos, TX",3.49,,,,,,,,"Austin-Round Rock-San Marcos, TX",2620945.0,0.020955542510388,0.0765438315742433,-0.0063934865670645,"Austin, TX",441399.4278442432,,,,False,-6.743779713128628,False,False,4.676509487688548,0.37525701832563474,-0.036794346026133296,-0.033274116262642844,0.0,0.0,-0.023818975784041352,-0.010757514130632861,,-0.006842666494851213,-0.06018546148768311,-0.008744140174067327,0.020955542510388003,0.0,0.0,austin,austin-round rock-san marcos,TX,['TX'],10
14260.0,"Boise City, ID",2016.0,1.0,270.9,272.35,"Boise City, ID",1.39,394399.0,"Boise City, ID",msa,ID,0.086802571786863,0.022614002053859,Boise City,"Boise City, ID",691285.0,0.0246724178821298,0.064786575973778,0.0065384535222514,"Boise City, ID",207763.76053964905,52377.0,684.0,3.9666983702703296,False,28.37009803921571,False,False,3.746663057040718,0.5634352731944046,0.052701048946882656,-0.0025550336530794247,-0.0025060612707206165,-0.0025060612707206165,0.11195035316212798,0.053190574475404206,3.9666983702703296,0.013147633331752617,0.08680257178686301,0.022614002053859217,0.024672417882129816,0.006538453522251464,0.006538453522251464,"boise city, id",boise city,ID,['ID'],0
14260.0,"Boise City, ID",2016.0,2.0,286.32,280.64,"Boise City, ID",1.34,394399.0,"Boise City, ID",msa,ID,0.0926655421509368,0.0269244769159629,Boise City,"Boise City, ID",691285.0,0.0246724178821298,0.064786575973778,0.0065384535222514,"Boise City, ID",213357.6911142725,52377.0,684.0,4.07349964897326,False,29.00022983222246,False,False,3.8268950614623463,0.6836178076850561,0.05811788573093479,-0.008935874854678717,0.0,0.0025060612707206165,0.109994858205118,0.07950130225011742,4.073499648973261,0.021414256686588695,0.09266554215093681,0.02692447691596289,0.024672417882129816,0.0,-0.006538453522251464,"boise city, id",boise city,ID,['ID'],0
14260.0,"Boise City, ID",2016.0,3.0,291.86,287.88,"Boise City, ID",1.35,394399.0,"Boise City, ID",msa,ID,0.095135875842079,0.0233034222901312,Boise City,"Boise City, ID",691285.0,0.0246724178821298,0.064786575973778,0.0065384535222514,"Boise City, ID",218329.6554891557,52377.0,684.0,4.1684261314919855,False,26.89764612536365,False,False,3.907241195538979,0.8795216417228038,0.06657626521274551,-0.012804779928390922,0.0,0.0,0.11494965143299773,0.08378106111484218,4.1684261314919855,0.020995123405848082,0.09513587584207905,0.023303422290130937,0.024672417882129816,0.0,0.0,"boise city, id",boise city,ID,['ID'],0
14260.0,"Boise City, ID",2016.0,4.0,294.19,296.59,"Boise City, ID",1.39,394399.0,"Boise City, ID",msa,ID,0.098155320425247,0.0219016562090923,Boise City,"Boise City, ID",691285.0,0.0246724178821298,0.064786575973778,0.0065384535222514,"Boise City, ID",223111.43654392875,52377.0,684.0,4.259721567556919,False,30.650632130743126,False,False,3.98183775875604,1.1007954443105046,0.07674200753485305,-0.01350091434101745,0.0,0.0,0.10659652264756359,0.1147063716519714,4.259721567556919,0.019091875695370186,0.09815532042524722,0.021901656209092346,0.024672417882129816,0.0,0.0,"boise city, id",boise city,ID,['ID'],0
14260.0,"Boise City, ID",2017.0,1.0,302.81,304.04,"Boise City, ID",1.51,394399.0,"Boise City, ID",msa,ID,0.101625435867613,0.0258454107390467,Boise City,"Boise City, ID",709682.0,0.0266127574010719,0.0710176510358815,0.0019403395189421,"Boise City, ID",228877.84326198537,54120.0,940.0,4.229080621987904,False,30.73615411076711,False,False,3.9666983702703296,1.1931287006020295,0.08680257178686301,-0.011804880303979222,0.006538453522251464,0.006538453522251464,0.11635762805213878,0.11195035316212798,4.2290806219879045,0.022614002053859217,0.10162543586761341,0.025845410739046892,0.02661275740107194,0.0019403395189421246,0.0019403395189421246,"boise city, id",boise city,ID,['ID'],0
14260.0,"Boise City, ID",2017.0,2.0,317.18,310.99,"Boise City, ID",1.5,394399.0,"Boise City, ID",msa,ID,0.101204830064906,0.0265323922927603,Boise City,"Boise City, ID",709682.0,0.0266127574010719,0.0710176510358815,0.0019403395189421,"Boise City, ID",234950.5199865332,54120.0,940.0,4.341288248088197,False,32.78254557875411,False,False,4.07349964897326,1.3780501339162075,0.09266554215093681,-0.008464210771841391,0.0,-0.006538453522251464,0.10814566704675044,0.109994858205118,4.341288248088197,0.02692447691596289,0.10120483006490644,0.026532392292760054,0.02661275740107194,0.0,-0.0019403395189421246,"boise city, id",boise city,ID,['ID'],0
14260.0,"Boise City, ID",2017.0,3.0,320.1,316.46,"Boise City, ID",1.51,394399.0,"Boise City, ID",msa,ID,0.0970239546137723,0.0194183102378509,Boise City,"Boise City, ID",709682.0,0.0266127574010719,0.0710176510358815,0.0019403395189421,"Boise City, ID",239512.86207417608,54120.0,940.0,4.425588730121509,False,32.8324378777703,False,False,4.1684261314919855,1.495686992911466,0.09513587584207905,-0.004365836978543885,0.0,0.0,0.09927747672641374,0.11494965143299773,4.425588730121509,0.023303422290130937,0.09702395461377233,0.0194183102378509,0.02661275740107194,0.0,0.0,"boise city, id",boise city,ID,['ID'],0
14260.0,"Boise City, ID",2017.0,4.0,327.07,329.36,"Boise City, ID",1.53,394399.0,"Boise City, ID",msa,ID,0.0987446191102808,0.0235044925841477,Boise City,"Boise City, ID",709682.0,0.0266127574010719,0.0710176510358815,0.0019403395189421,"Boise City, ID",245142.49036460655,54120.0,940.0,4.529609947609138,False,36.98219930128099,False,False,4.259721567556919,1.594503720712611,0.09815532042524722,-0.0006872979133015129,0.0,0.0,0.11048922755318813,0.10659652264756359,4.529609947609138,0.021901656209092346,0.09874461911028076,0.023504492584147663,0.02661275740107194,0.0,0.0,"boise city, id",boise city,ID,['ID'],0
14260.0,"Boise City, ID",2018.0,1.0,342.47,343.55,"Boise City, ID",1.65,394399.0,"Boise City, ID",msa,ID,0.104620568203321,0.0313315039639788,Boise City,"Boise City, ID",728911.0,0.0270952342034882,0.0804443851535634,0.00048247680241631,"Boise City, ID",252823.17327320483,57105.0,733.0,4.427338644132823,False,40.26456538602867,False,False,4.229080621987904,1.533793993519001,0.10162543586761341,0.002461452312050052,0.0019403395189421246,0.0019403395189421246,0.12995000657808187,0.11635762805213878,4.427338644132822,0.025845410739046892,0.10462056820332055,0.03133150396397877,0.02709523420348825,0.0004824768024163095,0.0004824768024163095,"boise city, id",boise city,ID,['ID'],0
14260.0,"Boise City, ID",2018.0,2.0,365.05,357.86,"Boise City, ID",1.65,394399.0,"Boise City, ID",msa,ID,0.118049105201131,0.03901163503561,Boise City,"Boise City, ID",728911.0,0.0270952342034882,0.0804443851535634,0.00048247680241631,"Boise City, ID",262686.2186374839,57105.0,733.0,4.600056363496785,False,41.54174741921448,False,False,4.341288248088197,1.5739165644772908,0.10120483006490644,0.004520754781378857,0.0,-0.0019403395189421246,0.15071224155117524,0.10814566704675044,4.600056363496785,0.026532392292760054,0.11804910520113099,0.039011635035610004,0.02709523420348825,0.0,-0.0004824768024163095,"boise city, id",boise city,ID,['ID'],0
14260.0,"Boise City, ID",2018.0,3.0,380.96,377.06,"Boise City, ID",1.71,394399.0,"Boise City, ID",msa,ID,0.141084394939301,0.0404214987664089,Boise City,"Boise City, ID",728911.0,0.0270952342034882,0.0804443851535634,0.00048247680241631,"Boise City, ID",273304.38930009154,57105.0,733.0,4.785997536119281,False,46.034082106893884,False,False,4.425588730121509,1.5369162209685672,0.09702395461377233,0.004983288953395716,0.0,0.0,0.1914933956898186,0.09927747672641374,4.785997536119281,0.0194183102378509,0.14108439493930125,0.04042149876640888,0.02709523420348825,0.0,0.0,"boise city, id",boise city,ID,['ID'],0
14260.0,"Boise City, ID",2018.0,4.0,383.65,386.43,"Boise City, ID",1.74,394399.0,"Boise City, ID",msa,ID,0.156175055827597,0.0370401778355933,Boise City,"Boise City, ID",728911.0,0.0270952342034882,0.0804443851535634,0.00048247680241631,"Boise City, ID",283427.6324830152,57105.0,733.0,4.963271735977851,False,44.17953884038506,False,False,4.529609947609138,1.488464437579763,0.09874461911028076,0.004405522961462031,0.0,0.0,0.1732754432839445,0.11048922755318813,4.963271735977851,0.023504492584147663,0.15617505582759716,0.037040177835593324,0.02709523420348825,0.0,0.0,"boise city, id",boise city,ID,['ID'],0
14260.0,"Boise City, ID",2019.0,1.0,398.38,399.37,"Boise City, ID",1.81,394399.0,"Boise City, ID",msa,ID,0.155507302866122,0.0307358548340628,Boise City,"Boise City, ID",749202.0,0.0278374177368705,0.0837816530085276,0.00074218353338229,"Boise City, ID",292139.02305097523,60568.0,988.0,4.823322927139335,False,46.63851661465026,False,False,4.427338644132823,1.2429479206553151,0.10462056820332055,0.003653596989335355,0.0004824768024163095,0.0004824768024163095,0.16247998835686217,0.12995000657808187,4.823322927139335,0.03133150396397877,0.15550730286612247,0.030735854834062826,0.02783741773687054,0.0007421835333822902,0.0007421835333822902,"boise city, id",boise city,ID,['ID'],0
14260.0,"Boise City, ID",2019.0,2.0,417.14,408.82,"Boise City, ID",1.8,394399.0,"Boise City, ID",msa,ID,0.140191432633627,0.0252398766635193,Boise City,"Boise City, ID",749202.0,0.0278374177368705,0.0837816530085276,0.00074218353338229,"Boise City, ID",299512.5759613829,60568.0,988.0,4.945063002928657,False,45.674173318129995,False,False,4.600056363496785,1.279001962234581,0.11804910520113099,0.0033012995020188754,0.0,-0.0004824768024163095,0.14240205667020622,0.15071224155117524,4.945063002928657,0.039011635035610004,0.14019143263362688,0.025239876663519345,0.02783741773687054,0.0,-0.0007421835333822902,"boise city, id",boise city,ID,['ID'],0
14260.0,"Boise City, ID",2019.0,3.0,422.71,418.05,"Boise City, ID",1.8,394399.0,"Boise City, ID",msa,ID,0.118446420227958,0.0205792356601666,Boise City,"Boise City, ID",749202.0,0.0278374177368705,0.0837816530085276,0.00074218353338229,"Boise City, ID",305676.3158452757,60568.0,988.0,5.046828619820296,True,45.21675698207588,True,True,4.785997536119281,1.3198024223069105,0.14108439493930125,0.0038003470547129537,0.0,0.0,0.1087094892059619,0.1914933956898186,5.046828619820296,0.04042149876640888,0.11844642022795826,0.020579235660166617,0.02783741773687054,0.0,0.0,"boise city, id",boise city,ID,['ID'],1
14260.0,"Boise City, ID",2019.0,4.0,435.23,439.19,"Boise City, ID",1.82,394399.0,"Boise City, ID",msa,ID,0.107166981572994,0.0265817143302554,Boise City,"Boise City, ID",749202.0,0.0278374177368705,0.0837816530085276,0.00074218353338229,"Boise City, ID",313801.7163505997,60568.0,988.0,5.180981976466116,True,48.079840857749765,True,True,4.963271735977851,1.3943208213010867,0.15617505582759716,0.004820847965818019,0.0,0.0,0.13653184276583086,0.1732754432839445,5.180981976466116,0.037040177835593324,0.10716698157299365,0.026581714330255357,0.02783741773687054,0.0,0.0,"boise city, id",boise city,ID,['ID'],2
14260.0,"Boise City, ID",2020.0,1.0,450.23,451.44,"Boise City, ID",1.88,394399.0,"Boise City, ID",msa,ID,0.114617820752999,0.0376723397719743,Boise City,"Boise City, ID",770194.0,0.0280191457043628,0.0852663587353208,0.000181727967492273,"Boise City, ID",325623.3612299882,64717.0,1092.0,5.031496534604327,True,48.480463096960925,True,True,4.823322927139335,1.2468445886413657,0.15550730286612247,0.0057174885836168594,0.0007421835333822902,0.0007421835333822902,0.13038034904975326,0.16247998835686217,5.031496534604327,0.030735854834062826,0.11461782075299931,0.03767233977197426,0.028019145704362813,0.00018172796749227338,0.00018172796749227338,"boise city, id",boise city,ID,['ID'],3
14260.0,"Boise City, ID",2020.0,2.0,470.18,460.19,"Boise City, ID",1.9,394399.0,"Boise City, ID",msa,ID,0.124706888680296,0.0345199317324789,Boise City,"Boise City, ID",770194.0,0.0280191457043628,0.0852663587353208,0.000181727967492273,"Boise City, ID",336863.8574301477,64717.0,1092.0,5.205183451491072,True,47.975819158172285,True,True,4.945063002928657,1.3106982278036186,0.14019143263362688,0.005811103257419163,0.0,-0.0007421835333822902,0.12565432219558725,0.14240205667020622,5.205183451491072,0.025239876663519345,0.12470688868029578,0.034519931732478915,0.028019145704362813,0.0,-0.00018172796749227338,"boise city, id",boise city,ID,['ID'],4
14260.0,"Boise City, ID",2020.0,3.0,497.73,491.75,"Boise City, ID",1.99,394399.0,"Boise City, ID",msa,ID,0.128621080758221,0.0241310438684395,Boise City,"Boise City, ID",770194.0,0.0280191457043628,0.0852663587353208,0.000181727967492273,"Boise City, ID",344992.7339514863,64717.0,1092.0,5.330789961702277,True,55.3908866839411,True,True,5.046828619820296,1.3655870055682233,0.11844642022795826,0.004848310310791786,0.0,0.0,0.1762947015907188,0.1087094892059619,5.330789961702277,0.020579235660166617,0.12862108075822065,0.02413104386843945,0.028019145704362813,0.0,0.0,"boise city, id",boise city,ID,['ID'],5
14260.0,"Boise City, ID",2020.0,4.0,532.44,538.35,"Boise City, ID",2.08,394399.0,"Boise City, ID",msa,ID,0.175380117790741,0.0691132363934697,Boise City,"Boise City, ID",770194.0,0.0280191457043628,0.0852663587353208,0.000181727967492273,"Boise City, ID",368836.2983271048,64717.0,1092.0,5.699218108489342,True,63.453364100072875,True,True,5.180981976466116,1.464877457629631,0.10716698157299365,0.003425929481663772,0.0,0.0,0.22577927548441457,0.13653184276583086,5.699218108489343,0.026581714330255357,0.1753801177907417,0.06911323639346989,0.028019145704362813,0.0,0.0,"boise city, id",boise city,ID,['ID'],6
14260.0,"Boise City, ID",2021.0,1.0,579.72,581.47,"Boise City, ID",2.21,394399.0,"Boise City, ID",msa,ID,0.261125594373658,0.113371858560754,Boise City,"Boise City, ID",797111.0,0.0349483376915427,0.0935642348654362,0.0069291919871799,"Boise City, ID",410651.9549731172,69801.0,1233.0,5.883181544291876,True,69.25338378693058,True,True,5.031496534604327,1.284833477563609,0.11461782075299931,0.0023848333009110433,0.00018172796749227338,0.00018172796749227338,0.28803384724437353,0.13038034904975326,5.883181544291876,0.03767233977197426,0.2611255943736579,0.11337185856075349,0.03494833769154271,0.006929191987179895,0.006929191987179895,"boise city, id",boise city,ID,['ID'],7
14260.0,"Boise City, ID",2021.0,2.0,649.69,635.41,"Boise City, ID",2.53,394399.0,"Boise City, ID",msa,ID,0.3740150995333,0.127124858388549,Boise City,"Boise City, ID",797111.0,0.0349483376915427,0.0935642348654362,0.0069291919871799,"Boise City, ID",462856.02659605566,69801.0,1233.0,6.631080164984107,True,77.55826300788016,True,True,5.205183451491072,1.3782883900287257,0.12470688868029578,0.0016218039103481677,0.0,-0.00018172796749227338,0.3807557747886743,0.12565432219558725,6.631080164984107,0.034519931732478915,0.3740150995332996,0.12712485838854937,0.03494833769154271,0.0,-0.006929191987179895,"boise city, id",boise city,ID,['ID'],8
14260.0,"Boise City, ID",2021.0,3.0,671.48,662.5,"Boise City, ID",2.77,394399.0,"Boise City, ID",msa,ID,0.435318465992795,0.0698239046718883,Boise City,"Boise City, ID",797111.0,0.0349483376915427,0.0935642348654362,0.0069291919871799,"Boise City, ID",495174.4416739076,69801.0,1233.0,7.094088074295606,True,75.70147987057763,True,True,5.330789961702277,1.423548766163298,0.12862108075822065,0.0006549305154554046,0.0,0.0,0.3472292831723436,0.1762947015907188,7.094088074295606,0.02413104386843945,0.43531846599279467,0.06982390467188826,0.03494833769154271,0.0,0.0,"boise city, id",boise city,ID,['ID'],9
14260.0,"Boise City, ID",2021.0,4.0,664.09,672.44,"Boise City, ID",2.88,394399.0,"Boise City, ID",msa,ID,0.36113134562501,0.0138541184803918,Boise City,"Boise City, ID",797111.0,0.0349483376915427,0.0935642348654362,0.0069291919871799,"Boise City, ID",502034.6470573198,69801.0,1233.0,7.192370410987232,True,74.0134047563595,True,True,5.699218108489342,1.7173803497333022,0.1753801177907417,0.0013437347202949605,0.0,0.0,0.24907588000371517,0.22577927548441457,7.192370410987232,0.06911323639346989,0.36113134562501004,0.013854118480391753,0.03494833769154271,0.0,0.0,"boise city, id",boise city,ID,['ID'],10
14260.0,"Boise City, ID",2022.0,1.0,692.07,694.58,"Boise City, ID",3.08,394399.0,"Boise City, ID",msa,ID,0.251845614373942,0.0239788267212724,Boise City,"Boise City, ID",813450.0,0.0204977725812341,0.0857552435791682,-0.0144505651103086,"Boise City, ID",514072.8488671825,78138.0,1191.0,6.5790377136243885,True,73.91892230262664,True,True,5.883181544291876,1.9164831740215464,0.2611255943736579,0.005061617887584421,0.006929191987179895,0.006929191987179895,0.19452422308975525,0.28803384724437353,6.579037713624389,0.11337185856075349,0.2518456143739425,0.023978826721272606,0.020497772581234086,-0.014450565110308622,-0.014450565110308622,"boise city, id",boise city,ID,['ID'],11
14260.0,"Boise City, ID",2022.0,2.0,745.48,728.8,"Boise City, ID",3.71,394399.0,"Boise City, ID",msa,ID,0.153934106043484,0.0389682249391692,Boise City,"Boise City, ID",813450.0,0.0204977725812341,0.0857552435791682,-0.0144505651103086,"Boise City, ID",534105.3552769583,78138.0,1191.0,6.835411135132181,True,78.26916491365392,True,True,6.631080164984107,2.557580516010847,0.3740150995332996,0.01263735240238059,0.0,-0.006929191987179895,0.14697596827245407,0.3807557747886743,6.835411135132181,0.12712485838854937,0.15393410604348357,0.03896822493916896,0.020497772581234086,0.0,0.014450565110308622,"boise city, id",boise city,ID,['ID'],12
14260.0,"Boise City, ID",2022.0,3.0,687.33,677.37,"Boise City, ID",4.11,394399.0,"Boise City, ID",msa,ID,0.067058026357947,-0.0107197817526677,Boise City,"Boise City, ID",813450.0,0.0204977725812341,0.0857552435791682,-0.0144505651103086,"Boise City, ID",528379.8624354582,78138.0,1191.0,6.762137019573808,True,62.03085755292428,True,True,7.094088074295606,2.925661942803621,0.43531846599279467,0.021827995340205866,0.0,0.0,0.022445283018867945,0.3472292831723436,6.762137019573808,0.06982390467188826,0.067058026357947,-0.010719781752667745,0.020497772581234086,0.0,0.0,"boise city, id",boise city,ID,['ID'],13
14260.0,"Boise City, ID",2022.0,4.0,655.03,663.81,"Boise City, ID",4.08,394399.0,"Boise City, ID",msa,ID,-0.0034293785367536,-0.0531187583343827,Boise City,"Boise City, ID",813450.0,0.0204977725812341,0.0857552435791682,-0.0144505651103086,"Boise City, ID",500312.98021399474,78138.0,1191.0,6.402940697407084,True,51.1441517338737,True,True,7.192370410987232,2.9326488434303135,0.36113134562501004,0.026793645709482977,0.0,0.0,-0.012833858782939855,0.24907588000371517,6.402940697407084,0.013854118480391753,-0.0034293785367536245,-0.05311875833438273,0.020497772581234086,0.0,0.0,"boise city, id",boise city,ID,['ID'],14
14260.0,"Boise City, ID",2023.0,1.0,651.2,653.55,"Boise City, ID",4.19,394399.0,"Boise City, ID",msa,ID,-0.072008669779414,-0.0464865679749183,Boise City,"Boise City, ID",827672.0,0.0174835576863974,0.0746279508799081,-0.0030142148948366,"Boise City, ID",477055.1468505429,82694.0,1233.0,5.7689209235318515,True,44.77006911217436,True,True,6.5790377136243885,2.349957091636485,0.2518456143739425,0.026092385547795985,-0.014450565110308622,-0.014450565110308622,-0.05907166921017026,0.19452422308975525,5.7689209235318515,0.023978826721272606,-0.07200866977941411,-0.04648656797491835,0.017483557686397422,-0.0030142148948366643,-0.0030142148948366643,"boise city, id",boise city,ID,['ID'],15
14260.0,"Boise City, ID",2023.0,2.0,667.09,652.57,"Boise City, ID",4.27,394399.0,"Boise City, ID",msa,ID,-0.123214713984392,-0.0183614624418076,Boise City,"Boise City, ID",827672.0,0.0174835576863974,0.0746279508799081,-0.0030142148948366,"Boise City, ID",468295.7166889757,82694.0,1233.0,5.662995098664664,True,41.80447206588585,True,True,6.835411135132181,2.494122887043984,0.15393410604348357,0.020255427736902237,0.0,0.014450565110308622,-0.10459659714599334,0.14697596827245407,5.6629950986646636,0.03896822493916896,-0.12321471398439221,-0.018361462441807586,0.017483557686397422,0.0,0.0030142148948366643,"boise city, id",boise city,ID,['ID'],16
14260.0,"Boise City, ID",2023.0,3.0,673.2,663.0,"Boise City, ID",4.29,394399.0,"Boise City, ID",msa,ID,-0.105752267688739,0.0089831637210182,Boise City,"Boise City, ID",827672.0,0.0174835576863974,0.0746279508799081,-0.0030142148948366,"Boise City, ID",472502.4937818444,82694.0,1233.0,5.7138667107872925,True,34.82460599898323,True,True,6.762137019573808,2.336548289452299,0.067058026357947,0.00999256997973469,0.0,0.0,-0.021214402763629958,0.022445283018867945,5.7138667107872925,-0.010719781752667745,-0.10575226768873935,0.008983163721018261,0.017483557686397422,0.0,0.0,"boise city, id",boise city,ID,['ID'],17
14260.0,"Boise City, ID",2023.0,4.0,661.61,670.3,"Boise City, ID",4.36,394399.0,"Boise City, ID",msa,ID,-0.0437190172167049,0.0125656366147668,Boise City,"Boise City, ID",827672.0,0.0174835576863974,0.0746279508799081,-0.0030142148948366,"Boise City, ID",478439.78841827816,82694.0,1233.0,5.785665083540259,True,24.510077087396652,True,True,6.402940697407084,1.8733307497979466,-0.0034293785367536245,-0.0031346841711958865,0.0,0.0,0.009776893990750324,-0.012833858782939855,5.785665083540259,-0.05311875833438273,-0.0437190172167049,0.01256563661476684,0.017483557686397422,0.0,0.0,"boise city, id",boise city,ID,['ID'],18
14260.0,"Boise City, ID",2024.0,1.0,673.64,675.91,"Boise City, ID",4.44,394399.0,"Boise City, ID",msa,ID,0.0068708023966601,0.0039568408071644,Boise City,"Boise City, ID",845389.0,0.0214058225963909,0.0605662197611123,0.0039222649099934,"Boise City, ID",480332.89849686273,85987.0,1175.0,5.586110673670005,True,16.241594579256002,True,True,5.7689209235318515,1.3415822793990282,-0.07200866977941411,-0.017787527742090414,-0.0030142148948366643,-0.0030142148948366643,0.03421314360033656,-0.05907166921017026,5.586110673670005,-0.04648656797491835,0.006870802396660158,0.003956840807164408,0.0214058225963909,0.003922264909993478,0.003922264909993478,"boise city, id",boise city,ID,['ID'],19
14260.0,"Boise City, ID",2024.0,2.0,695.92,681.57,"Boise City, ID",4.2,394399.0,"Boise City, ID",msa,ID,0.0376691986966213,0.0116651235224174,Boise City,"Boise City, ID",845389.0,0.0214058225963909,0.0605662197611123,0.0039222649099934,"Boise City, ID",485936.04108970944,85987.0,1175.0,5.65127334468826,True,7.264600808926525,True,True,5.662995098664664,1.0629387351678794,-0.12321471398439221,-0.03264616020156917,0.0,0.0030142148948366643,0.04443967696952056,-0.10459659714599334,5.65127334468826,-0.018361462441807586,0.03766919869662133,0.011665123522417442,0.0214058225963909,0.0,-0.003922264909993478,"boise city, id",boise city,ID,['ID'],20
14260.0,"Boise City, ID",2024.0,3.0,704.35,693.72,"Boise City, ID",4.38,394399.0,"Boise City, ID",msa,ID,0.0332383426730867,0.0046747973030558,Boise City,"Boise City, ID",845389.0,0.0214058225963909,0.0605662197611123,0.0039222649099934,"Boise City, ID",488207.6935840533,85987.0,1175.0,5.677691902078841,True,4.712452830188685,True,True,5.7138667107872925,0.9278691746680119,-0.10575226768873935,-0.04492152478833958,0.0,0.0,0.04633484162895929,-0.021214402763629958,5.677691902078841,0.008983163721018261,0.033238342673086674,0.0046747973030558665,0.0214058225963909,0.0,0.0,"boise city, id",boise city,ID,['ID'],21
14260.0,"Boise City, ID",2024.0,4.0,702.95,711.33,"Boise City, ID",4.48,394399.0,"Boise City, ID",msa,ID,0.0261279773895284,0.0055975332715601,Boise City,"Boise City, ID",845389.0,0.0214058225963909,0.0605662197611123,0.0039222649099934,"Boise City, ID",490940.45239232166,85987.0,1175.0,5.709472971406394,True,5.78341562072453,True,True,5.785665083540259,0.8223933475624081,-0.0437190172167049,-0.05104660988731605,0.0,0.0,0.061211397881545615,0.009776893990750324,5.709472971406394,0.01256563661476684,0.026127977389528434,0.005597533271560096,0.0214058225963909,0.0,0.0,"boise city, id",boise city,ID,['ID'],22
14260.0,"Boise City, ID",2025.0,1.0,712.76,714.83,"Boise City, ID",5.0,394399.0,"Boise City, ID",msa,ID,0.0263612338231201,0.0041850573623376,Boise City,"Boise City, ID",864243.0,0.0223021591243795,0.0624414530702564,0.000896336527988595,"Boise City, ID",492995.0663470755,,,,False,2.9154309078867735,False,False,5.586110673670005,0.7627877465306696,0.006870802396660158,-0.04979624924734208,0.003922264909993478,0.003922264909993478,0.057581630690476615,0.03421314360033656,,0.003956840807164408,0.026361233823120056,0.004185057362337652,0.022302159124379495,0.0008963365279885949,0.0008963365279885949,"boise city, id",boise city,ID,['ID'],22
14260.0,"Boise City, ID",2025.0,2.0,721.06,707.15,"Boise City, ID",4.86,394399.0,"Boise City, ID",msa,ID,0.0093658582006306,-0.0050869012149069,Boise City,"Boise City, ID",864243.0,0.0223021591243795,0.0624414530702564,0.000896336527988595,"Boise City, ID",490487.24914513144,,,,False,-2.9706366630076864,False,False,5.65127334468826,0.7062103417596033,0.03766919869662133,-0.04045198822160273,0.0,-0.003922264909993478,0.03753099461537324,0.04443967696952056,,0.011665123522417442,0.009365858200630628,-0.005086901214906958,0.022302159124379495,0.0,-0.0008963365279885949,"boise city, id",boise city,ID,['ID'],22
14260.0,"Boise City, ID",2025.0,3.0,715.58,705.2,"Boise City, ID",4.86,394399.0,"Boise City, ID",msa,ID,0.000264269752906277,-0.0043844912141464,Boise City,"Boise City, ID",864243.0,0.0223021591243795,0.0624414530702564,0.000896336527988595,"Boise City, ID",488336.71211060375,,,,False,4.108537431536674,False,False,5.677691902078841,0.6308632822585452,0.033238342673086674,-0.026139558841360155,0.0,0.0,0.01654846335697413,0.04633484162895929,,0.0046747973030558665,0.0002642697529062765,-0.004384491214146413,0.022302159124379495,0.0,0.0,"boise city, id",boise city,ID,['ID'],22
14260.0,"Boise City, ID",2025.0,4.0,690.59,697.66,"Boise City, ID",4.69,394399.0,"Boise City, ID",msa,ID,0.0040917200383792,0.0094453909649492,Boise City,"Boise City, ID",864243.0,0.0223021591243795,0.0624414530702564,0.000896336527988595,"Boise City, ID",492949.24327902624,,,,False,5.099350717825879,False,False,5.709472971406394,0.5284909949402783,0.026127977389528434,-0.012660997769722229,0.0,0.0,-0.019217522106476648,0.061211397881545615,,0.005597533271560096,0.00409172003837921,0.00944539096494923,0.022302159124379495,0.0,0.0,"boise city, id",boise city,ID,['ID'],22
45294.0,"Tampa, FL (MSAD)",2016.0,1.0,224.98,226.25,"Tampa, FL (MSAD)",1.25,,,,,,,,,,,,,"Tampa, FL",175725.84887834243,48521.0,365.0,3.621645243880845,False,27.853752260397833,False,False,3.374770769923279,0.32515886331395416,0.07865175327471552,0.009833996707001464,,,0.06888080502669247,0.10262020107308434,3.621645243880844,0.020581717860982174,0.10588201789635932,0.0290527377534473,,,,"tampa, fl (msad)",tampa,FL (MSAD),['FL (MSAD)'],0
45294.0,"Tampa, FL (MSAD)",2016.0,2.0,237.56,234.54,"Tampa, FL (MSAD)",1.23,,,,,,,,,,,,,"Tampa, FL",179927.92898596698,48521.0,365.0,3.7082485724937033,False,27.57832898172323,False,False,3.439092150579243,0.4062617718600996,0.0757026294887182,0.003768521685609096,,,0.11808170853792244,0.09011068960141344,3.7082485724937033,0.019059481381435095,0.11114872811340715,0.023912703420961856,,,,"tampa, fl (msad)",tampa,FL (MSAD),['FL (MSAD)'],0
45294.0,"Tampa, FL (MSAD)",2016.0,3.0,243.28,240.46,"Tampa, FL (MSAD)",1.23,,,,,,,,,,,,,"Tampa, FL",183784.9821510983,48521.0,365.0,3.7877410224665256,False,28.252173449250616,False,False,3.521134166686457,0.5412072925951712,0.08271454629868269,-0.0007556753035017091,,,0.11190233977619535,0.09161576901721258,3.7877410224665256,0.023855719043002654,0.10852341823304656,0.021436656259363307,,,,"tampa, fl (msad)",tampa,FL (MSAD),['FL (MSAD)'],0
45294.0,"Tampa, FL (MSAD)",2016.0,4.0,247.22,248.73,"Tampa, FL (MSAD)",1.26,,,,,,,,,,,,,"Tampa, FL",188868.90788829623,48521.0,365.0,3.8925188658167857,False,30.662954402185317,False,False,3.626731820497412,0.7417484825141818,0.09677854998977664,-0.0038616938772489313,,,0.11643251492436812,0.102375061850569,3.8925188658167853,0.029989670603868923,0.10601865337131167,0.027662356726286808,,,,"tampa, fl (msad)",tampa,FL (MSAD),['FL (MSAD)'],0
45294.0,"Tampa, FL (MSAD)",2017.0,1.0,251.31,252.14,"Tampa, FL (MSAD)",1.32,,,,,,,,,,,,,"Tampa, FL",193363.5163350057,50567.0,315.0,3.8239072188384857,False,31.34343907902275,False,False,3.621645243880845,0.8622021412109659,0.10588201789635932,-0.005212939035951537,,,0.11443093922651926,0.06888080502669247,3.8239072188384857,0.0290527377534473,0.10037036423067214,0.023797503236306916,,,,"tampa, fl (msad)",tampa,FL (MSAD),['FL (MSAD)'],0
45294.0,"Tampa, FL (MSAD)",2017.0,2.0,259.77,256.5,"Tampa, FL (MSAD)",1.3,,,,,,,,,,,,,"Tampa, FL",197617.4289827358,50567.0,315.0,3.908031502417304,False,33.29522423738502,False,False,3.7082485724937033,1.0573215690209405,0.11114872811340715,-0.005200694826486631,,,0.09363008442056797,0.11808170853792244,3.9080315024173036,0.023912703420961856,0.09831436451507458,0.02199956190473973,,,,"tampa, fl (msad)",tampa,FL (MSAD),['FL (MSAD)'],0
45294.0,"Tampa, FL (MSAD)",2017.0,3.0,266.81,264.08,"Tampa, FL (MSAD)",1.33,,,,,,,,,,,,,"Tampa, FL",202060.8284329321,50567.0,315.0,3.995903028317521,False,33.29968199485134,False,False,3.7877410224665256,1.2210888857479176,0.10852341823304656,-0.003964279169862874,,,0.09822839557514751,0.11190233977619535,3.995903028317521,0.021436656259363307,0.0994414563579975,0.022484856083136773,,,,"tampa, fl (msad)",tampa,FL (MSAD),['FL (MSAD)'],0
45294.0,"Tampa, FL (MSAD)",2017.0,4.0,265.59,267.37,"Tampa, FL (MSAD)",1.38,,,,,,,,,,,,,"Tampa, FL",206873.357666361,50567.0,315.0,4.09107436997174,False,32.295893122216725,False,False,3.8925188658167857,1.3554029579762639,0.10601865337131167,-0.0017796573316474884,,,0.07494069874964837,0.11643251492436812,4.09107436997174,0.027662356726286808,0.0953277592345334,0.023817230042814996,,,,"tampa, fl (msad)",tampa,FL (MSAD),['FL (MSAD)'],0
45294.0,"Tampa, FL (MSAD)",2018.0,1.0,277.32,277.72,"Tampa, FL (MSAD)",1.41,,,,,,,,,,,,,"Tampa, FL",211374.67115501867,52882.0,303.0,3.997100547540158,False,31.204233004204674,False,False,3.8239072188384857,1.2799809266682916,0.10037036423067214,0.00024666505583556905,,,0.10145157452209097,0.11443093922651926,3.9971005475401586,0.023797503236306916,0.09314660366854488,0.021758787788987544,,,,"tampa, fl (msad)",tampa,FL (MSAD),['FL (MSAD)'],0
45294.0,"Tampa, FL (MSAD)",2018.0,2.0,286.25,282.69,"Tampa, FL (MSAD)",1.37,,,,,,,,,,,,,"Tampa, FL",215254.1497900887,52882.0,303.0,4.0704615897675716,False,34.761882061305236,False,False,3.908031502417304,1.3350243332286622,0.09831436451507458,0.001677126376384247,,,0.1021052631578947,0.09363008442056797,4.0704615897675716,0.02199956190473973,0.08924678809020281,0.018353564378699394,,,,"tampa, fl (msad)",tampa,FL (MSAD),['FL (MSAD)'],0
45294.0,"Tampa, FL (MSAD)",2018.0,3.0,288.12,285.37,"Tampa, FL (MSAD)",1.37,,,,,,,,,,,,,"Tampa, FL",218936.79506535904,52882.0,303.0,4.1401005080246405,False,31.95690372699529,False,False,3.995903028317521,1.3883665013515558,0.0994414563579975,0.0022425402346477803,,,0.08061950923962447,0.09822839557514751,4.1401005080246405,0.022484856083136773,0.08351923904948455,0.017108359020541863,,,,"tampa, fl (msad)",tampa,FL (MSAD),['FL (MSAD)'],0
45294.0,"Tampa, FL (MSAD)",2018.0,4.0,289.79,292.01,"Tampa, FL (MSAD)",1.4,,,,,,,,,,,,,"Tampa, FL",222349.9706142013,52882.0,303.0,4.204643746722917,False,31.069617128237347,False,False,4.09107436997174,1.4356375079702248,0.0953277592345334,0.0018252723868714253,,,0.0921569360810861,0.07494069874964837,4.204643746722917,0.023817230042814996,0.07481201601996768,0.015589775797272054,,,,"tampa, fl (msad)",tampa,FL (MSAD),['FL (MSAD)'],0
45294.0,"Tampa, FL (MSAD)",2019.0,1.0,298.36,298.27,"Tampa, FL (MSAD)",1.47,,,,,,,,,,,,,"Tampa, FL",225804.212008046,55285.0,427.0,4.084366681885611,False,31.832044198895026,False,False,3.997100547540158,1.243504081193794,0.09314660366854488,0.0008788980893773901,,,0.07399539104133646,0.10145157452209097,4.08436668188561,0.021758787788987544,0.06826523146874552,0.015535155612132368,,,,"tampa, fl (msad)",tampa,FL (MSAD),['FL (MSAD)'],0
45294.0,"Tampa, FL (MSAD)",2019.0,2.0,309.16,305.46,"Tampa, FL (MSAD)",1.4,,,,,,,,,,,,,"Tampa, FL",228072.50229268585,55285.0,427.0,4.125395718417035,False,30.237912509593244,False,False,4.0704615897675716,1.2092043012439921,0.08924678809020281,-0.00045288278632429565,,,0.08054759630690866,0.1021052631578947,4.125395718417036,0.018353564378699394,0.05954985079310826,0.010045385178904631,,,,"tampa, fl (msad)",tampa,FL (MSAD),['FL (MSAD)'],0
45294.0,"Tampa, FL (MSAD)",2019.0,3.0,312.89,309.95,"Tampa, FL (MSAD)",1.4,,,,,,,,,,,,,"Tampa, FL",230505.28194318243,55285.0,427.0,4.169400053236545,False,28.898777343425095,False,False,4.1401005080246405,1.1635573711381144,0.08351923904948455,-0.0017809449141984726,,,0.08613379121841813,0.08061950923962447,4.169400053236545,0.017108359020541863,0.05283939081308775,0.010666694257489118,,,,"tampa, fl (msad)",tampa,FL (MSAD),['FL (MSAD)'],0
45294.0,"Tampa, FL (MSAD)",2019.0,4.0,312.28,314.87,"Tampa, FL (MSAD)",1.41,,,,,,,,,,,,,"Tampa, FL",233729.8515649424,55285.0,427.0,4.227726355520348,False,26.59108270011661,False,False,4.204643746722917,1.1246733353501117,0.07481201601996768,-0.0028102545624994523,,,0.07828499024006041,0.0921569360810861,4.227726355520347,0.015589775797272054,0.051180042521733915,0.013989135496490723,,,,"tampa, fl (msad)",tampa,FL (MSAD),['FL (MSAD)'],0
45294.0,"Tampa, FL (MSAD)",2020.0,1.0,322.56,322.14,"Tampa, FL (MSAD)",1.44,,,,,,,,,,,,,"Tampa, FL",239579.65812020143,57097.0,479.0,4.196011316184763,False,27.762354247640197,False,False,4.084366681885611,0.9302850815848389,0.06826523146874552,-0.0035239574951999135,,,0.08002816240319177,0.07399539104133646,4.196011316184763,0.015535155612132368,0.06100615214239058,0.025028067729010894,,,,"tampa, fl (msad)",tampa,FL (MSAD),['FL (MSAD)'],0
45294.0,"Tampa, FL (MSAD)",2020.0,2.0,332.26,328.51,"Tampa, FL (MSAD)",1.41,,,,,,,,,,,,,"Tampa, FL",243173.31433572105,57097.0,479.0,4.258950808899259,False,28.074074074074073,False,False,4.125395718417035,0.9023869841014887,0.05954985079310826,-0.004070417007463878,,,0.07545996202448779,0.08054759630690866,4.25895080889926,0.010045385178904631,0.0662105772999162,0.014999838649559338,,,,"tampa, fl (msad)",tampa,FL (MSAD),['FL (MSAD)'],0
45294.0,"Tampa, FL (MSAD)",2020.0,3.0,345.56,342.17,"Tampa, FL (MSAD)",1.44,,,,,,,,,,,,,"Tampa, FL",246707.85819353312,57097.0,479.0,4.320855004527964,False,29.570584671311728,False,False,4.169400053236545,0.8908750386214859,0.05283939081308775,-0.004633472091700971,,,0.10395225036296196,0.08613379121841813,4.320855004527964,0.010666694257489118,0.0702915617106965,0.014535081151759721,,,,"tampa, fl (msad)",tampa,FL (MSAD),['FL (MSAD)'],0
45294.0,"Tampa, FL (MSAD)",2020.0,4.0,361.73,364.7,"Tampa, FL (MSAD)",1.48,,,,,,,,,,,,,"Tampa, FL",256060.76582186949,57097.0,479.0,4.484662343413305,False,36.40273777910761,False,False,4.227726355520348,0.894180801454906,0.051180042521733915,-0.004984802419181174,,,0.15825578810302665,0.07828499024006041,4.484662343413305,0.013989135496490723,0.09554155837352418,0.03791086225149498,,,,"tampa, fl (msad)",tampa,FL (MSAD),['FL (MSAD)'],0
45294.0,"Tampa, FL (MSAD)",2021.0,1.0,375.03,374.69,"Tampa, FL (MSAD)",1.54,,,,,,,,,,,,,"Tampa, FL",268473.753206242,61121.0,482.0,4.392496084917491,False,34.91646262422583,False,False,4.196011316184763,0.821240546261484,0.06100615214239058,-0.00483145907988492,,,0.16312783261935815,0.08002816240319177,4.392496084917491,0.025028067729010894,0.12060329041601636,0.04847672522001156,,,,"tampa, fl (msad)",tampa,FL (MSAD),['FL (MSAD)'],0
45294.0,"Tampa, FL (MSAD)",2021.0,2.0,403.26,398.76,"Tampa, FL (MSAD)",1.67,,,,,,,,,,,,,"Tampa, FL",284368.08771513717,61121.0,482.0,4.652543114725498,False,41.05911068661785,False,False,4.258950808899259,0.8198586583200163,0.0662105772999162,-0.004296125864341893,,,0.21384432741773463,0.07545996202448779,4.652543114725498,0.014999838649559338,0.16940499204013526,0.05920256382263611,,,,"tampa, fl (msad)",tampa,FL (MSAD),['FL (MSAD)'],0
45294.0,"Tampa, FL (MSAD)",2021.0,3.0,429.73,425.42,"Tampa, FL (MSAD)",1.8,,,,,,,,,,,,,"Tampa, FL",303256.2325557143,61121.0,482.0,4.961571842013617,False,49.07663734800436,False,False,4.320855004527964,0.7997208378415066,0.0702915617106965,-0.003328098254019507,,,0.24330011397843165,0.10395225036296196,4.961571842013617,0.014535081151759721,0.22921188962623606,0.06642146449111452,,,,"tampa, fl (msad)",tampa,FL (MSAD),['FL (MSAD)'],0
45294.0,"Tampa, FL (MSAD)",2021.0,4.0,453.58,456.92,"Tampa, FL (MSAD)",1.94,,,,,,,,,,,,,"Tampa, FL",318662.60181656625,61121.0,482.0,5.213635277835216,True,56.47409335296738,True,True,4.484662343413305,0.8579305229158929,0.09554155837352418,-0.0013720577416667953,,,0.252865368796271,0.15825578810302665,5.213635277835216,0.03791086225149498,0.24448039040173053,0.05080314139305098,,,,"tampa, fl (msad)",tampa,FL (MSAD),['FL (MSAD)'],1
45294.0,"Tampa, FL (MSAD)",2022.0,1.0,490.59,490.77,"Tampa, FL (MSAD)",2.13,,,,,,,,,,,,,"Tampa, FL",340136.8423448003,67197.0,521.0,5.061786126535416,True,64.53884064773527,True,True,4.392496084917491,0.7708508410366464,0.12060329041601636,0.0014472570078592796,,,0.3098027702901065,0.16312783261935815,5.061786126535416,0.04847672522001156,0.26692772862420777,0.06738864368086528,,,,"tampa, fl (msad)",tampa,FL (MSAD),['FL (MSAD)'],2
45294.0,"Tampa, FL (MSAD)",2022.0,2.0,518.96,513.0,"Tampa, FL (MSAD)",2.6,,,,,,,,,,,,,"Tampa, FL",369972.9877836658,67197.0,521.0,5.505796207920976,True,67.94342958161464,True,True,4.652543114725498,0.9442945422317948,0.16940499204013526,0.005774291134489963,,,0.2864881131507675,0.21384432741773463,5.505796207920976,0.05920256382263611,0.30103553727267207,0.08771806439191998,,,,"tampa, fl (msad)",tampa,FL (MSAD),['FL (MSAD)'],3
45294.0,"Tampa, FL (MSAD)",2022.0,3.0,529.26,523.91,"Tampa, FL (MSAD)",2.93,,,,,,,,,,,,,"Tampa, FL",387807.326695719,67197.0,521.0,5.771200004400776,True,69.03048878851428,True,True,4.961571842013617,1.1738308195470917,0.22921188962623606,0.011580700533910526,,,0.23151238775798033,0.24330011397843165,5.771200004400776,0.06642146449111452,0.2788107384552134,0.04820443519104001,,,,"tampa, fl (msad)",tampa,FL (MSAD),['FL (MSAD)'],4
45294.0,"Tampa, FL (MSAD)",2022.0,4.0,517.85,521.18,"Tampa, FL (MSAD)",3.28,,,,,,,,,,,,,"Tampa, FL",384717.8178414451,67197.0,521.0,5.725223117720212,True,65.52227903579254,True,True,5.213635277835216,1.3211164120184304,0.24448039040173053,0.01655974737386682,,,0.14063731068896068,0.252865368796271,5.725223117720212,0.05080314139305098,0.2072888868926721,-0.007966607749775645,,,,"tampa, fl (msad)",tampa,FL (MSAD),['FL (MSAD)'],5
45294.0,"Tampa, FL (MSAD)",2023.0,1.0,525.04,526.1,"Tampa, FL (MSAD)",3.43,,,,,,,,,,,,,"Tampa, FL",377538.56281328894,71254.0,519.0,5.298489387448971,True,63.314087042900624,True,True,5.061786126535416,1.2378789076969299,0.26692772862420777,0.020918080131717642,,,0.07198891537787566,0.3098027702901065,5.298489387448971,0.06738864368086528,0.10996080345384662,-0.01866109313168063,,,,"tampa, fl (msad)",tampa,FL (MSAD),['FL (MSAD)'],6
45294.0,"Tampa, FL (MSAD)",2023.0,2.0,536.91,530.13,"Tampa, FL (MSAD)",3.3,,,,,,,,,,,,,"Tampa, FL",376997.6276200665,71254.0,519.0,5.290897740759347,True,61.374082980731195,True,True,5.505796207920976,1.5977647055036717,0.30103553727267207,0.024802849784809365,,,0.033391812865497084,0.2864881131507675,5.290897740759347,0.08771806439191998,0.018986899228730092,-0.0014327945447255575,,,,"tampa, fl (msad)",tampa,FL (MSAD),['FL (MSAD)'],7
45294.0,"Tampa, FL (MSAD)",2023.0,3.0,552.73,547.52,"Tampa, FL (MSAD)",3.34,,,,,,,,,,,,,"Tampa, FL",381690.7943915021,71254.0,519.0,5.356763050376148,True,60.01402811467982,True,True,5.771200004400776,1.775296976083255,0.2788107384552134,0.025839087480938015,,,0.04506499207879222,0.23151238775798033,5.3567630503761485,0.04820443519104001,-0.01577209063153162,0.012448796564219489,,,,"tampa, fl (msad)",tampa,FL (MSAD),['FL (MSAD)'],8
45294.0,"Tampa, FL (MSAD)",2023.0,4.0,554.45,557.4,"Tampa, FL (MSAD)",3.53,,,,,,,,,,,,,"Tampa, FL",385075.3541082362,71254.0,519.0,5.404262976229211,True,52.8379489991774,True,True,5.725223117720212,1.6341487477484717,0.2072888868926721,0.02246884059573867,,,0.06949614336697496,0.14063731068896068,5.404262976229211,-0.007966607749775645,0.0009293467840849612,0.008867281491893975,,,,"tampa, fl (msad)",tampa,FL (MSAD),['FL (MSAD)'],9
45294.0,"Tampa, FL (MSAD)",2024.0,1.0,550.93,552.83,"Tampa, FL (MSAD)",3.81,,,,,,,,,,,,,"Tampa, FL",387635.43613051635,74392.0,621.0,5.210714003259979,True,47.54330246336973,True,True,5.298489387448971,1.3013888399088125,0.10996080345384662,0.0147101769920064,,,0.05080783121079646,0.07198891537787566,5.210714003259979,-0.01866109313168063,0.026743952305133822,0.0066482624633530385,,,,"tampa, fl (msad)",tampa,FL (MSAD),['FL (MSAD)'],10
45294.0,"Tampa, FL (MSAD)",2024.0,2.0,565.31,557.56,"Tampa, FL (MSAD)",3.4,,,,,,,,,,,,,"Tampa, FL",389155.2525008719,74392.0,621.0,5.231143839403053,True,39.82345270338048,True,True,5.290897740759347,1.2204361509917758,0.018986899228730092,0.0033467416328497915,,,0.0517420255409049,0.033391812865497084,5.231143839403052,-0.0014327945447255575,0.03224854479205819,0.003920736415449433,,,,"tampa, fl (msad)",tampa,FL (MSAD),['FL (MSAD)'],11
45294.0,"Tampa, FL (MSAD)",2024.0,3.0,555.82,551.16,"Tampa, FL (MSAD)",3.64,,,,,,,,,,,,,"Tampa, FL",386180.5875532402,74392.0,621.0,5.191157484047212,True,29.556673405105528,True,True,5.356763050376148,1.2166625423515072,-0.01577209063153162,-0.008837843149315088,,,0.006648158971361839,0.04506499207879222,5.191157484047212,0.012448796564219489,0.011762906592745592,-0.007643902860144602,,,,"tampa, fl (msad)",tampa,FL (MSAD),['FL (MSAD)'],12
45294.0,"Tampa, FL (MSAD)",2024.0,4.0,546.3,548.46,"Tampa, FL (MSAD)",3.88,,,,,,,,,,,,,"Tampa, FL",381938.98508868384,74392.0,621.0,5.134140567382028,True,20.034141644051484,True,True,5.404262976229211,1.1996192295062942,0.0009293467840849612,-0.0186304941102457,,,-0.016038751345532676,0.06949614336697496,5.134140567382028,0.008867281491893975,-0.00814481889347507,-0.010983468877682978,,,,"tampa, fl (msad)",tampa,FL (MSAD),['FL (MSAD)'],13
45294.0,"Tampa, FL (MSAD)",2025.0,1.0,548.43,551.02,"Tampa, FL (MSAD)",4.06,,,,,,,,,,,,,"Tampa, FL",377192.2444577706,,,,False,12.276626525663747,False,False,5.210714003259979,1.126347321374368,0.026743952305133822,-0.02562948213249514,,,-0.003274062550874701,0.05080783121079646,,0.0066482624633530385,-0.026940755925187188,-0.01242800765627805,,,,"tampa, fl (msad)",tampa,FL (MSAD),['FL (MSAD)'],13
45294.0,"Tampa, FL (MSAD)",2025.0,2.0,558.84,550.6,"Tampa, FL (MSAD)",3.99,,,,,,,,,,,,,"Tampa, FL",370698.7124563164,,,,False,7.329434697855763,False,False,5.231143839403053,1.1057481209860178,0.03224854479205819,-0.029542136886592567,,,-0.012482961474998056,0.0517420255409049,,0.003920736415449433,-0.04742718985789396,-0.017215444105402877,,,,"tampa, fl (msad)",tampa,FL (MSAD),['FL (MSAD)'],13
45294.0,"Tampa, FL (MSAD)",2025.0,3.0,542.87,538.91,"Tampa, FL (MSAD)",3.99,,,,,,,,,,,,,"Tampa, FL",362948.2364961822,,,,False,2.863087171460754,False,False,5.191157484047212,1.0217574308106663,0.011762906592745592,-0.03056506946263745,,,-0.02222585093257856,0.006648158971361839,,-0.007643902860144602,-0.06015929284341637,-0.02090774987800237,,,,"tampa, fl (msad)",tampa,FL (MSAD),['FL (MSAD)'],13
45294.0,"Tampa, FL (MSAD)",2025.0,4.0,545.87,547.47,"Tampa, FL (MSAD)",3.83,,,,,,,,,,,,,"Tampa, FL",359115.4691962888,,,,False,5.044322498944709,False,False,5.134140567382028,0.90641421186168,-0.00814481889347507,-0.030139038766654448,,,-0.0018050541516245744,-0.016038751345532676,,-0.010983468877682978,-0.05975696847781997,-0.010560093463723885,,,,"tampa, fl (msad)",tampa,FL (MSAD),['FL (MSAD)'],13
